timestamp,npu_id,aicore_pct,power_w,temp_c,memory_used_mb,memory_total_mb,hbm_used_mb,hbm_total_mb
2026-07-22T02:35:18.349080856+00:00,2,0,97.9,36,0,0,58983,65536
2026-07-22T02:35:18.349080856+00:00,3,0,102.1,36,0,0,58982,65536
2026-07-22T02:35:18.349080856+00:00,5,0,90.5,40,0,0,58882,65536
2026-07-22T02:35:18.349080856+00:00,7,0,87.4,40,0,0,58882,65536
2026-07-22T02:35:20.210669386+00:00,2,0,89.2,36,0,0,58980,65536
2026-07-22T02:35:20.210669386+00:00,3,0,93.7,36,0,0,58980,65536
2026-07-22T02:35:20.210669386+00:00,5,0,90.5,40,0,0,58882,65536
2026-07-22T02:35:20.210669386+00:00,7,0,87.5,40,0,0,58882,65536
2026-07-22T02:35:22.024830530+00:00,2,0,89.2,36,0,0,58981,65536
2026-07-22T02:35:22.024830530+00:00,3,0,93.7,35,0,0,58981,65536
2026-07-22T02:35:22.024830530+00:00,5,0,90.5,40,0,0,58882,65536
2026-07-22T02:35:22.024830530+00:00,7,0,87.5,40,0,0,58882,65536
2026-07-22T02:35:23.844279028+00:00,2,0,89.4,36,0,0,58981,65536
2026-07-22T02:35:23.844279028+00:00,3,0,93.6,36,0,0,58981,65536
2026-07-22T02:35:23.844279028+00:00,5,0,90.6,40,0,0,58883,65536
2026-07-22T02:35:23.844279028+00:00,7,0,87.5,40,0,0,58882,65536
2026-07-22T02:35:25.659434067+00:00,2,0,89.2,36,0,0,58981,65536
2026-07-22T02:35:25.659434067+00:00,3,0,93.6,36,0,0,58980,65536
2026-07-22T02:35:25.659434067+00:00,5,0,90.4,40,0,0,58883,65536
2026-07-22T02:35:25.659434067+00:00,7,0,87.5,40,0,0,58882,65536
2026-07-22T02:35:27.476177641+00:00,2,0,89.1,36,0,0,58981,65536
2026-07-22T02:35:27.476177641+00:00,3,0,93.6,36,0,0,58980,65536
2026-07-22T02:35:27.476177641+00:00,5,0,90.5,40,0,0,58883,65536
2026-07-22T02:35:27.476177641+00:00,7,0,87.6,40,0,0,58883,65536
2026-07-22T02:35:29.297891985+00:00,2,0,89.1,36,0,0,58981,65536
2026-07-22T02:35:29.297891985+00:00,3,0,93.5,35,0,0,58980,65536
2026-07-22T02:35:29.297891985+00:00,5,0,90.5,41,0,0,58882,65536
2026-07-22T02:35:29.297891985+00:00,7,0,87.4,40,0,0,58883,65536
2026-07-22T02:35:31.118163466+00:00,2,0,89.1,36,0,0,58980,65536
2026-07-22T02:35:31.118163466+00:00,3,0,93.5,36,0,0,58980,65536
2026-07-22T02:35:31.118163466+00:00,5,0,90.5,40,0,0,58882,65536
2026-07-22T02:35:31.118163466+00:00,7,0,87.5,40,0,0,58883,65536
2026-07-22T02:35:32.939478064+00:00,2,0,89.1,36,0,0,58981,65536
2026-07-22T02:35:32.939478064+00:00,3,0,93.4,36,0,0,58980,65536
2026-07-22T02:35:32.939478064+00:00,5,0,90.4,40,0,0,58882,65536
2026-07-22T02:35:32.939478064+00:00,7,0,87.4,40,0,0,58883,65536
2026-07-22T02:35:34.750063600+00:00,2,0,89.2,36,0,0,58981,65536
2026-07-22T02:35:34.750063600+00:00,3,0,93.6,36,0,0,58980,65536
2026-07-22T02:35:34.750063600+00:00,5,0,90.5,40,0,0,58882,65536
2026-07-22T02:35:34.750063600+00:00,7,0,87.6,40,0,0,58882,65536
2026-07-22T02:35:36.566404598+00:00,2,0,89.3,36,0,0,58981,65536
2026-07-22T02:35:36.566404598+00:00,3,0,93.5,36,0,0,58980,65536
2026-07-22T02:35:36.566404598+00:00,5,0,90.6,40,0,0,58883,65536
2026-07-22T02:35:36.566404598+00:00,7,0,87.5,40,0,0,58882,65536
2026-07-22T02:35:38.385424639+00:00,2,0,89.2,36,0,0,58981,65536
2026-07-22T02:35:38.385424639+00:00,3,0,93.6,36,0,0,58980,65536
2026-07-22T02:35:38.385424639+00:00,5,0,90.5,41,0,0,58882,65536
2026-07-22T02:35:38.385424639+00:00,7,0,87.4,40,0,0,58882,65536
2026-07-22T02:35:40.202016091+00:00,2,0,89.1,36,0,0,58981,65536
2026-07-22T02:35:40.202016091+00:00,3,0,93.5,36,0,0,58980,65536
2026-07-22T02:35:40.202016091+00:00,5,0,90.5,40,0,0,58882,65536
2026-07-22T02:35:40.202016091+00:00,7,0,87.4,39,0,0,58882,65536
2026-07-22T02:35:42.013797407+00:00,2,0,89.1,36,0,0,58981,65536
2026-07-22T02:35:42.013797407+00:00,3,0,93.6,36,0,0,58980,65536
2026-07-22T02:35:42.013797407+00:00,5,0,90.6,40,0,0,58882,65536
2026-07-22T02:35:42.013797407+00:00,7,0,87.4,39,0,0,58882,65536
2026-07-22T02:35:43.828794463+00:00,2,0,89.1,36,0,0,58981,65536
2026-07-22T02:35:43.828794463+00:00,3,0,93.6,35,0,0,58980,65536
2026-07-22T02:35:43.828794463+00:00,5,0,90.6,40,0,0,58882,65536
2026-07-22T02:35:43.828794463+00:00,7,0,87.5,40,0,0,58882,65536
2026-07-22T02:35:45.631394962+00:00,2,0,89.1,36,0,0,58980,65536
2026-07-22T02:35:45.631394962+00:00,3,0,93.4,36,0,0,58980,65536
2026-07-22T02:35:45.631394962+00:00,5,0,90.4,40,0,0,58883,65536
2026-07-22T02:35:45.631394962+00:00,7,0,87.4,39,0,0,58882,65536
2026-07-22T02:35:47.444349066+00:00,2,0,89.1,36,0,0,58980,65536
2026-07-22T02:35:47.444349066+00:00,3,0,93.7,36,0,0,58980,65536
2026-07-22T02:35:47.444349066+00:00,5,0,90.5,40,0,0,58883,65536
2026-07-22T02:35:47.444349066+00:00,7,0,87.4,40,0,0,58882,65536
2026-07-22T02:35:49.262523024+00:00,2,0,89.1,36,0,0,58980,65536
2026-07-22T02:35:49.262523024+00:00,3,0,93.4,36,0,0,58980,65536
2026-07-22T02:35:49.262523024+00:00,5,0,90.5,40,0,0,58882,65536
2026-07-22T02:35:49.262523024+00:00,7,0,87.4,39,0,0,58882,65536
2026-07-22T02:35:51.074739026+00:00,2,0,89.0,36,0,0,58980,65536
2026-07-22T02:35:51.074739026+00:00,3,0,93.6,36,0,0,58980,65536
2026-07-22T02:35:51.074739026+00:00,5,0,90.4,40,0,0,58882,65536
2026-07-22T02:35:51.074739026+00:00,7,0,87.4,40,0,0,58882,65536
2026-07-22T02:35:52.893510673+00:00,2,0,89.0,36,0,0,58981,65536
2026-07-22T02:35:52.893510673+00:00,3,0,93.4,36,0,0,58981,65536
2026-07-22T02:35:52.893510673+00:00,5,0,90.4,40,0,0,58882,65536
2026-07-22T02:35:52.893510673+00:00,7,0,87.4,39,0,0,58882,65536
2026-07-22T02:35:54.715462341+00:00,2,0,89.0,36,0,0,58981,65536
2026-07-22T02:35:54.715462341+00:00,3,0,93.6,35,0,0,58980,65536
2026-07-22T02:35:54.715462341+00:00,5,0,90.4,40,0,0,58882,65536
2026-07-22T02:35:54.715462341+00:00,7,0,87.5,40,0,0,58882,65536
2026-07-22T02:35:56.530743982+00:00,2,0,89.1,36,0,0,58981,65536
2026-07-22T02:35:56.530743982+00:00,3,0,93.6,35,0,0,58980,65536
2026-07-22T02:35:56.530743982+00:00,5,0,90.4,40,0,0,58882,65536
2026-07-22T02:35:56.530743982+00:00,7,0,87.3,40,0,0,58882,65536
2026-07-22T02:35:58.356313667+00:00,2,0,89.1,36,0,0,58981,65536
2026-07-22T02:35:58.356313667+00:00,3,0,93.5,35,0,0,58980,65536
2026-07-22T02:35:58.356313667+00:00,5,0,90.5,40,0,0,58882,65536
2026-07-22T02:35:58.356313667+00:00,7,0,87.4,40,0,0,58882,65536
2026-07-22T02:36:00.180262607+00:00,2,0,89.0,36,0,0,58981,65536
2026-07-22T02:36:00.180262607+00:00,3,0,93.6,36,0,0,58980,65536
2026-07-22T02:36:00.180262607+00:00,5,0,90.3,40,0,0,58882,65536
2026-07-22T02:36:00.180262607+00:00,7,0,87.4,39,0,0,58882,65536
2026-07-22T02:36:01.991695987+00:00,2,0,89.0,36,0,0,58981,65536
2026-07-22T02:36:01.991695987+00:00,3,0,93.6,35,0,0,58981,65536
2026-07-22T02:36:01.991695987+00:00,5,0,90.5,40,0,0,58882,65536
2026-07-22T02:36:01.991695987+00:00,7,0,87.4,39,0,0,58882,65536
2026-07-22T02:36:03.813624934+00:00,2,0,89.0,36,0,0,58981,65536
2026-07-22T02:36:03.813624934+00:00,3,0,93.5,36,0,0,58981,65536
2026-07-22T02:36:03.813624934+00:00,5,0,90.4,40,0,0,58882,65536
2026-07-22T02:36:03.813624934+00:00,7,0,87.4,39,0,0,58882,65536
2026-07-22T02:36:05.621917514+00:00,2,0,89.0,36,0,0,58980,65536
2026-07-22T02:36:05.621917514+00:00,3,0,93.5,36,0,0,58980,65536
2026-07-22T02:36:05.621917514+00:00,5,0,90.4,40,0,0,58883,65536
2026-07-22T02:36:05.621917514+00:00,7,0,87.4,39,0,0,58882,65536
2026-07-22T02:36:07.436446303+00:00,2,0,89.0,36,0,0,58980,65536
2026-07-22T02:36:07.436446303+00:00,3,0,93.5,36,0,0,58980,65536
2026-07-22T02:36:07.436446303+00:00,5,0,90.4,41,0,0,58883,65536
2026-07-22T02:36:07.436446303+00:00,7,0,87.5,39,0,0,58882,65536
2026-07-22T02:36:09.255311842+00:00,2,0,89.1,36,0,0,58980,65536
2026-07-22T02:36:09.255311842+00:00,3,0,93.5,36,0,0,58980,65536
2026-07-22T02:36:09.255311842+00:00,5,0,90.4,40,0,0,58883,65536
2026-07-22T02:36:09.255311842+00:00,7,0,87.5,40,0,0,58882,65536
2026-07-22T02:36:11.086374555+00:00,2,0,89.0,36,0,0,58980,65536
2026-07-22T02:36:11.086374555+00:00,3,0,93.5,36,0,0,58980,65536
2026-07-22T02:36:11.086374555+00:00,5,0,90.4,40,0,0,58882,65536
2026-07-22T02:36:11.086374555+00:00,7,0,87.4,39,0,0,58883,65536
2026-07-22T02:36:12.902069163+00:00,2,0,89.0,36,0,0,58981,65536
2026-07-22T02:36:12.902069163+00:00,3,0,93.4,35,0,0,58980,65536
2026-07-22T02:36:12.902069163+00:00,5,0,90.4,40,0,0,58882,65536
2026-07-22T02:36:12.902069163+00:00,7,0,87.3,39,0,0,58883,65536
2026-07-22T02:36:14.718105596+00:00,2,0,89.0,36,0,0,58980,65536
2026-07-22T02:36:14.718105596+00:00,3,0,93.4,36,0,0,58980,65536
2026-07-22T02:36:14.718105596+00:00,5,0,90.4,40,0,0,58882,65536
2026-07-22T02:36:14.718105596+00:00,7,0,87.3,39,0,0,58882,65536
2026-07-22T02:36:16.535997619+00:00,2,0,88.8,36,0,0,58980,65536
2026-07-22T02:36:16.535997619+00:00,3,0,93.5,36,0,0,58980,65536
2026-07-22T02:36:16.535997619+00:00,5,0,90.5,41,0,0,58883,65536
2026-07-22T02:36:16.535997619+00:00,7,0,87.4,39,0,0,58882,65536
2026-07-22T02:36:18.351868840+00:00,2,0,89.1,36,0,0,58981,65536
2026-07-22T02:36:18.351868840+00:00,3,0,93.4,36,0,0,58980,65536
2026-07-22T02:36:18.351868840+00:00,5,0,90.4,41,0,0,58883,65536
2026-07-22T02:36:18.351868840+00:00,7,0,87.3,39,0,0,58882,65536
2026-07-22T02:36:20.171894467+00:00,2,0,89.1,36,0,0,58981,65536
2026-07-22T02:36:20.171894467+00:00,3,0,93.6,36,0,0,58981,65536
2026-07-22T02:36:20.171894467+00:00,5,0,90.4,40,0,0,58882,65536
2026-07-22T02:36:20.171894467+00:00,7,0,87.2,39,0,0,58882,65536
2026-07-22T02:36:21.986227623+00:00,2,65,269.9,43,0,0,60981,65536
2026-07-22T02:36:21.986227623+00:00,3,71,288.9,47,0,0,60981,65536
2026-07-22T02:36:21.986227623+00:00,5,74,289.0,53,0,0,60968,65536
2026-07-22T02:36:21.986227623+00:00,7,78,275.5,46,0,0,60977,65536
2026-07-22T02:36:23.839089154+00:00,2,53,283.0,48,0,0,60981,65536
2026-07-22T02:36:23.839089154+00:00,3,41,257.9,41,0,0,60981,65536
2026-07-22T02:36:23.839089154+00:00,5,80,272.1,47,0,0,60979,65536
2026-07-22T02:36:23.839089154+00:00,7,71,280.0,48,0,0,60978,65536
2026-07-22T02:36:25.688021122+00:00,2,83,295.5,46,0,0,60980,65536
2026-07-22T02:36:25.688021122+00:00,3,64,293.0,44,0,0,60980,65536
2026-07-22T02:36:25.688021122+00:00,5,63,286.1,47,0,0,60978,65536
2026-07-22T02:36:25.688021122+00:00,7,68,280.6,47,0,0,60978,65536
2026-07-22T02:36:27.563657977+00:00,2,92,302.9,44,0,0,60980,65536
2026-07-22T02:36:27.563657977+00:00,3,48,293.6,43,0,0,60980,65536
2026-07-22T02:36:27.563657977+00:00,5,67,285.6,51,0,0,60978,65536
2026-07-22T02:36:27.563657977+00:00,7,44,280.8,47,0,0,60978,65536
2026-07-22T02:36:29.392374573+00:00,2,67,268.2,43,0,0,61042,65536
2026-07-22T02:36:29.392374573+00:00,3,66,275.4,44,0,0,61042,65536
2026-07-22T02:36:29.392374573+00:00,5,66,273.3,48,0,0,61000,65536
2026-07-22T02:36:29.392374573+00:00,7,83,292.8,50,0,0,61000,65536
2026-07-22T02:36:31.260227713+00:00,2,62,287.6,48,0,0,61042,65536
2026-07-22T02:36:31.260227713+00:00,3,51,285.9,45,0,0,61042,65536
2026-07-22T02:36:31.260227713+00:00,5,74,282.6,49,0,0,61000,65536
2026-07-22T02:36:31.260227713+00:00,7,49,277.3,48,0,0,61001,65536
2026-07-22T02:36:33.085986532+00:00,2,72,279.3,53,0,0,61045,65536
2026-07-22T02:36:33.085986532+00:00,3,79,300.8,52,0,0,61044,65536
2026-07-22T02:36:33.085986532+00:00,5,89,308.2,57,0,0,61004,65536
2026-07-22T02:36:33.085986532+00:00,7,75,305.7,57,0,0,61005,65536
2026-07-22T02:36:34.945306056+00:00,2,71,279.7,49,0,0,61045,65536
2026-07-22T02:36:34.945306056+00:00,3,100,316.8,48,0,0,61044,65536
2026-07-22T02:36:34.945306056+00:00,5,74,310.0,57,0,0,61004,65536
2026-07-22T02:36:34.945306056+00:00,7,59,318.0,60,0,0,61004,65536
2026-07-22T02:36:36.772819953+00:00,2,67,277.0,49,0,0,61044,65536
2026-07-22T02:36:36.772819953+00:00,3,71,289.8,52,0,0,61044,65536
2026-07-22T02:36:36.772819953+00:00,5,81,300.7,60,0,0,61004,65536
2026-07-22T02:36:36.772819953+00:00,7,78,276.4,51,0,0,61004,65536
2026-07-22T02:36:38.619448115+00:00,2,71,272.3,49,0,0,61045,65536
2026-07-22T02:36:38.619448115+00:00,3,69,285.3,51,0,0,61044,65536
2026-07-22T02:36:38.619448115+00:00,5,50,267.5,50,0,0,61004,65536
2026-07-22T02:36:38.619448115+00:00,7,46,234.9,50,0,0,61004,65536
2026-07-22T02:36:40.449890098+00:00,2,71,293.3,53,0,0,61045,65536
2026-07-22T02:36:40.449890098+00:00,3,68,277.5,48,0,0,61045,65536
2026-07-22T02:36:40.449890098+00:00,5,89,314.6,60,0,0,61004,65536
2026-07-22T02:36:40.449890098+00:00,7,68,302.8,54,0,0,61004,65536
2026-07-22T02:36:42.304197872+00:00,2,70,296.0,48,0,0,61046,65536
2026-07-22T02:36:42.304197872+00:00,3,71,296.1,55,0,0,61045,65536
2026-07-22T02:36:42.304197872+00:00,5,100,302.2,53,0,0,61004,65536
2026-07-22T02:36:42.304197872+00:00,7,95,315.6,54,0,0,61004,65536
2026-07-22T02:36:44.140683642+00:00,2,73,276.5,48,0,0,61045,65536
2026-07-22T02:36:44.140683642+00:00,3,71,277.4,54,0,0,61045,65536
2026-07-22T02:36:44.140683642+00:00,5,78,270.0,51,0,0,61004,65536
2026-07-22T02:36:44.140683642+00:00,7,75,299.8,53,0,0,61004,65536
2026-07-22T02:36:45.995120408+00:00,2,64,271.6,48,0,0,61045,65536
2026-07-22T02:36:45.995120408+00:00,3,67,284.8,48,0,0,61044,65536
2026-07-22T02:36:45.995120408+00:00,5,77,289.3,53,0,0,61005,65536
2026-07-22T02:36:45.995120408+00:00,7,49,284.6,55,0,0,61004,65536
2026-07-22T02:36:47.824140759+00:00,2,79,295.9,55,0,0,61045,65536
2026-07-22T02:36:47.824140759+00:00,3,70,290.8,48,0,0,61044,65536
2026-07-22T02:36:47.824140759+00:00,5,70,282.1,54,0,0,61045,65536
2026-07-22T02:36:47.824140759+00:00,7,94,331.9,63,0,0,61044,65536
2026-07-22T02:36:49.667988836+00:00,2,71,272.9,48,0,0,61045,65536
2026-07-22T02:36:49.667988836+00:00,3,95,309.1,50,0,0,61044,65536
2026-07-22T02:36:49.667988836+00:00,5,78,280.6,53,0,0,61045,65536
2026-07-22T02:36:49.667988836+00:00,7,89,297.2,53,0,0,61045,65536
2026-07-22T02:36:51.526248294+00:00,2,71,272.7,54,0,0,61045,65536
2026-07-22T02:36:51.526248294+00:00,3,67,282.8,49,0,0,61044,65536
2026-07-22T02:36:51.526248294+00:00,5,80,277.2,53,0,0,61045,65536
2026-07-22T02:36:51.526248294+00:00,7,75,313.0,61,0,0,61045,65536
2026-07-22T02:36:53.413333101+00:00,2,71,281.0,51,0,0,61046,65536
2026-07-22T02:36:53.413333101+00:00,3,71,272.6,53,0,0,61044,65536
2026-07-22T02:36:53.413333101+00:00,5,50,283.0,57,0,0,61045,65536
2026-07-22T02:36:53.413333101+00:00,7,56,298.3,62,0,0,61045,65536
2026-07-22T02:36:55.229753071+00:00,2,70,292.3,58,0,0,61046,65536
2026-07-22T02:36:55.229753071+00:00,3,74,307.4,56,0,0,61044,65536
2026-07-22T02:36:55.229753071+00:00,5,74,281.2,55,0,0,61045,65536
2026-07-22T02:36:55.229753071+00:00,7,67,285.2,55,0,0,61045,65536
2026-07-22T02:36:57.119311568+00:00,2,72,285.2,56,0,0,61046,65536
2026-07-22T02:36:57.119311568+00:00,3,70,291.2,54,0,0,61044,65536
2026-07-22T02:36:57.119311568+00:00,5,69,267.1,54,0,0,61045,65536
2026-07-22T02:36:57.119311568+00:00,7,100,320.0,59,0,0,61045,65536
2026-07-22T02:36:58.949516267+00:00,2,70,293.8,58,0,0,61046,65536
2026-07-22T02:36:58.949516267+00:00,3,86,314.9,58,0,0,61044,65536
2026-07-22T02:36:58.949516267+00:00,5,67,284.9,56,0,0,61045,65536
2026-07-22T02:36:58.949516267+00:00,7,75,287.1,63,0,0,61045,65536
2026-07-22T02:37:00.809622614+00:00,2,82,294.1,54,0,0,61046,65536
2026-07-22T02:37:00.809622614+00:00,3,65,299.1,52,0,0,61045,65536
2026-07-22T02:37:00.809622614+00:00,5,88,307.1,66,0,0,61045,65536
2026-07-22T02:37:00.809622614+00:00,7,86,301.8,58,0,0,61046,65536
2026-07-22T02:37:02.649787833+00:00,2,71,296.4,51,0,0,61046,65536
2026-07-22T02:37:02.649787833+00:00,3,70,300.8,60,0,0,61045,65536
2026-07-22T02:37:02.649787833+00:00,5,74,297.5,62,0,0,61045,65536
2026-07-22T02:37:02.649787833+00:00,7,76,285.0,56,0,0,61045,65536
2026-07-22T02:37:04.500273406+00:00,2,86,305.4,54,0,0,61046,65536
2026-07-22T02:37:04.500273406+00:00,3,72,277.3,50,0,0,61045,65536
2026-07-22T02:37:04.500273406+00:00,5,74,287.1,63,0,0,61044,65536
2026-07-22T02:37:04.500273406+00:00,7,81,310.3,64,0,0,61045,65536
2026-07-22T02:37:06.338896890+00:00,2,88,299.4,56,0,0,61046,65536
2026-07-22T02:37:06.338896890+00:00,3,71,289.5,52,0,0,61045,65536
2026-07-22T02:37:06.338896890+00:00,5,87,299.8,56,0,0,61045,65536
2026-07-22T02:37:06.338896890+00:00,7,72,286.3,58,0,0,61045,65536
2026-07-22T02:37:08.213245444+00:00,2,71,287.3,59,0,0,61045,65536
2026-07-22T02:37:08.213245444+00:00,3,77,302.6,58,0,0,61045,65536
2026-07-22T02:37:08.213245444+00:00,5,78,290.7,60,0,0,61045,65536
2026-07-22T02:37:08.213245444+00:00,7,70,313.9,65,0,0,61045,65536
2026-07-22T02:37:10.052853224+00:00,2,68,271.3,54,0,0,61045,65536
2026-07-22T02:37:10.052853224+00:00,3,74,302.3,52,0,0,61045,65536
2026-07-22T02:37:10.052853224+00:00,5,83,295.7,55,0,0,61045,65536
2026-07-22T02:37:10.052853224+00:00,7,71,298.1,58,0,0,61045,65536
2026-07-22T02:37:11.919473935+00:00,2,72,289.7,58,0,0,61046,65536
2026-07-22T02:37:11.919473935+00:00,3,76,307.4,52,0,0,61045,65536
2026-07-22T02:37:11.919473935+00:00,5,71,268.4,54,0,0,61045,65536
2026-07-22T02:37:11.919473935+00:00,7,75,293.5,62,0,0,61045,65536
2026-07-22T02:37:13.761096466+00:00,2,50,278.8,51,0,0,61046,65536
2026-07-22T02:37:13.761096466+00:00,3,24,233.8,49,0,0,61045,65536
2026-07-22T02:37:13.761096466+00:00,5,94,297.7,57,0,0,61045,65536
2026-07-22T02:37:13.761096466+00:00,7,82,289.3,58,0,0,61045,65536
2026-07-22T02:37:15.615608304+00:00,2,91,315.2,59,0,0,61045,65536
2026-07-22T02:37:15.615608304+00:00,3,70,295.7,52,0,0,61044,65536
2026-07-22T02:37:15.615608304+00:00,5,74,288.2,60,0,0,61045,65536
2026-07-22T02:37:15.615608304+00:00,7,95,317.5,67,0,0,61045,65536
2026-07-22T02:37:17.457957627+00:00,2,79,306.8,56,0,0,61045,65536
2026-07-22T02:37:17.457957627+00:00,3,53,296.3,55,0,0,61044,65536
2026-07-22T02:37:17.457957627+00:00,5,89,300.6,56,0,0,61045,65536
2026-07-22T02:37:17.457957627+00:00,7,75,296.0,59,0,0,61045,65536
2026-07-22T02:37:19.327473004+00:00,2,68,275.6,52,0,0,61046,65536
2026-07-22T02:37:19.327473004+00:00,3,70,291.4,56,0,0,61044,65536
2026-07-22T02:37:19.327473004+00:00,5,73,290.6,57,0,0,61044,65536
2026-07-22T02:37:19.327473004+00:00,7,75,291.0,67,0,0,61045,65536
2026-07-22T02:37:21.181151389+00:00,2,71,283.9,52,0,0,61046,65536
2026-07-22T02:37:21.181151389+00:00,3,71,282.6,60,0,0,61044,65536
2026-07-22T02:37:21.181151389+00:00,5,0,96.5,51,0,0,61046,65536
2026-07-22T02:37:21.181151389+00:00,7,0,95.3,54,0,0,61047,65536
2026-07-22T02:37:23.013295279+00:00,2,0,94.6,47,0,0,61048,65536
2026-07-22T02:37:23.013295279+00:00,3,0,99.7,47,0,0,61047,65536
2026-07-22T02:37:23.013295279+00:00,5,0,95.8,51,0,0,61046,65536
2026-07-22T02:37:23.013295279+00:00,7,0,94.4,53,0,0,61047,65536
2026-07-22T02:37:24.832274169+00:00,2,0,93.4,46,0,0,61047,65536
2026-07-22T02:37:24.832274169+00:00,3,0,98.7,46,0,0,61047,65536
2026-07-22T02:37:24.832274169+00:00,5,99,301.7,56,0,0,61046,65536
2026-07-22T02:37:24.832274169+00:00,7,76,295.6,64,0,0,61047,65536
2026-07-22T02:37:26.678080218+00:00,2,64,291.9,52,0,0,61047,65536
2026-07-22T02:37:26.678080218+00:00,3,98,327.2,60,0,0,61047,65536
2026-07-22T02:37:26.678080218+00:00,5,52,292.0,56,0,0,61047,65536
2026-07-22T02:37:26.678080218+00:00,7,48,248.3,61,0,0,61047,65536
2026-07-22T02:37:28.519228642+00:00,2,66,279.8,55,0,0,61047,65536
2026-07-22T02:37:28.519228642+00:00,3,86,335.7,59,0,0,61047,65536
2026-07-22T02:37:28.519228642+00:00,5,74,196.2,60,0,0,61051,65536
2026-07-22T02:37:28.519228642+00:00,7,74,193.8,63,0,0,61051,65536
2026-07-22T02:37:30.349075306+00:00,2,74,197.9,55,0,0,61047,65536
2026-07-22T02:37:30.349075306+00:00,3,72,209.6,56,0,0,61047,65536
2026-07-22T02:37:30.349075306+00:00,5,75,207.8,59,0,0,61051,65536
2026-07-22T02:37:30.349075306+00:00,7,70,202.4,62,0,0,61051,65536
2026-07-22T02:37:32.179102193+00:00,2,78,200.3,56,0,0,61048,65536
2026-07-22T02:37:32.179102193+00:00,3,78,206.3,57,0,0,61047,65536
2026-07-22T02:37:32.179102193+00:00,5,71,193.4,59,0,0,61051,65536
2026-07-22T02:37:32.179102193+00:00,7,72,197.6,62,0,0,61052,65536
2026-07-22T02:37:34.002298520+00:00,2,74,195.8,55,0,0,61047,65536
2026-07-22T02:37:34.002298520+00:00,3,73,208.2,56,0,0,61047,65536
2026-07-22T02:37:34.002298520+00:00,5,70,197.6,58,0,0,61051,65536
2026-07-22T02:37:34.002298520+00:00,7,75,201.9,63,0,0,61051,65536
2026-07-22T02:37:35.835172262+00:00,2,71,197.5,55,0,0,61047,65536
2026-07-22T02:37:35.835172262+00:00,3,72,200.3,55,0,0,61047,65536
2026-07-22T02:37:35.835172262+00:00,5,73,196.6,58,0,0,61051,65536
2026-07-22T02:37:35.835172262+00:00,7,74,201.4,63,0,0,61051,65536
2026-07-22T02:37:37.708516031+00:00,2,79,199.6,55,0,0,61047,65536
2026-07-22T02:37:37.708516031+00:00,3,80,206.6,56,0,0,61047,65536
2026-07-22T02:37:37.708516031+00:00,5,81,193.2,59,0,0,61051,65536
2026-07-22T02:37:37.708516031+00:00,7,74,201.9,62,0,0,61051,65536
2026-07-22T02:37:39.592840714+00:00,2,74,193.4,55,0,0,61047,65536
2026-07-22T02:37:39.592840714+00:00,3,71,208.2,55,0,0,61047,65536
2026-07-22T02:37:39.592840714+00:00,5,74,198.4,58,0,0,61051,65536
2026-07-22T02:37:39.592840714+00:00,7,76,203.5,62,0,0,61051,65536
2026-07-22T02:37:41.485238867+00:00,2,74,197.6,55,0,0,61047,65536
2026-07-22T02:37:41.485238867+00:00,3,72,208.1,55,0,0,61047,65536
2026-07-22T02:37:41.485238867+00:00,5,79,203.7,59,0,0,61051,65536
2026-07-22T02:37:41.485238867+00:00,7,73,202.3,62,0,0,61051,65536
2026-07-22T02:37:43.364592521+00:00,2,70,191.7,55,0,0,61048,65536
2026-07-22T02:37:43.364592521+00:00,3,72,202.8,55,0,0,61047,65536
2026-07-22T02:37:43.364592521+00:00,5,73,206.3,59,0,0,61050,65536
2026-07-22T02:37:43.364592521+00:00,7,75,198.1,62,0,0,61051,65536
2026-07-22T02:37:45.197679096+00:00,2,73,193.5,54,0,0,61048,65536
2026-07-22T02:37:45.197679096+00:00,3,72,192.9,55,0,0,61047,65536
2026-07-22T02:37:45.197679096+00:00,5,74,201.0,58,0,0,61052,65536
2026-07-22T02:37:45.197679096+00:00,7,74,198.9,62,0,0,61051,65536
2026-07-22T02:37:47.088342841+00:00,2,81,197.7,55,0,0,61047,65536
2026-07-22T02:37:47.088342841+00:00,3,75,205.6,56,0,0,61047,65536
2026-07-22T02:37:47.088342841+00:00,5,76,197.3,57,0,0,61051,65536
2026-07-22T02:37:47.088342841+00:00,7,70,195.7,62,0,0,61051,65536
2026-07-22T02:37:48.974334121+00:00,2,75,196.2,55,0,0,61047,65536
2026-07-22T02:37:48.974334121+00:00,3,74,199.5,54,0,0,61047,65536
2026-07-22T02:37:48.974334121+00:00,5,67,281.3,59,0,0,61051,65536
2026-07-22T02:37:48.974334121+00:00,7,79,304.8,67,0,0,61051,65536
2026-07-22T02:37:50.861230336+00:00,2,70,288.2,54,0,0,61047,65536
2026-07-22T02:37:50.861230336+00:00,3,74,286.7,50,0,0,61047,65536
2026-07-22T02:37:50.861230336+00:00,5,72,287.9,62,0,0,61051,65536
2026-07-22T02:37:50.861230336+00:00,7,83,307.0,64,0,0,61052,65536
2026-07-22T02:37:52.903853036+00:00,2,79,273.5,49,0,0,61047,65536
2026-07-22T02:37:52.903853036+00:00,3,71,294.1,59,0,0,61047,65536
2026-07-22T02:37:52.903853036+00:00,5,100,314.0,59,0,0,61051,65536
2026-07-22T02:37:52.903853036+00:00,7,75,301.7,59,0,0,61052,65536
2026-07-22T02:37:54.771784998+00:00,2,71,281.4,52,0,0,61047,65536
2026-07-22T02:37:54.771784998+00:00,3,67,301.5,51,0,0,61047,65536
2026-07-22T02:37:54.771784998+00:00,5,75,278.0,54,0,0,61051,65536
2026-07-22T02:37:54.771784998+00:00,7,99,321.7,62,0,0,61051,65536
2026-07-22T02:37:56.788266522+00:00,2,71,277.4,50,0,0,61047,65536
2026-07-22T02:37:56.788266522+00:00,3,97,326.7,60,0,0,61047,65536
2026-07-22T02:37:56.788266522+00:00,5,70,259.3,54,0,0,61051,65536
2026-07-22T02:37:56.788266522+00:00,7,74,293.7,62,0,0,61051,65536
2026-07-22T02:37:58.717408001+00:00,2,64,276.5,50,0,0,61047,65536
2026-07-22T02:37:58.717408001+00:00,3,69,272.9,51,0,0,61047,65536
2026-07-22T02:37:58.717408001+00:00,5,57,232.2,54,0,0,61051,65536
2026-07-22T02:37:58.717408001+00:00,7,68,277.3,63,0,0,61051,65536
2026-07-22T02:38:00.779979350+00:00,2,67,273.1,51,0,0,61047,65536
2026-07-22T02:38:00.779979350+00:00,3,66,280.6,53,0,0,61047,65536
2026-07-22T02:38:00.779979350+00:00,5,88,312.8,63,0,0,61051,65536
2026-07-22T02:38:00.779979350+00:00,7,72,306.1,59,0,0,61052,65536
2026-07-22T02:38:02.641783684+00:00,2,71,294.9,55,0,0,61048,65536
2026-07-22T02:38:02.641783684+00:00,3,67,273.2,51,0,0,61047,65536
2026-07-22T02:38:02.641783684+00:00,5,65,281.7,63,0,0,61050,65536
2026-07-22T02:38:02.641783684+00:00,7,73,278.8,59,0,0,61051,65536
2026-07-22T02:38:04.720630503+00:00,2,73,290.7,51,0,0,61048,65536
2026-07-22T02:38:04.720630503+00:00,3,71,293.8,58,0,0,61046,65536
2026-07-22T02:38:04.720630503+00:00,5,74,294.6,65,0,0,61050,65536
2026-07-22T02:38:04.720630503+00:00,7,73,276.4,60,0,0,61051,65536
2026-07-22T02:38:06.576344450+00:00,2,74,210.7,54,0,0,61047,65536
2026-07-22T02:38:06.576344450+00:00,3,53,204.5,56,0,0,61047,65536
2026-07-22T02:38:06.576344450+00:00,5,75,287.1,55,0,0,61051,65536
2026-07-22T02:38:06.576344450+00:00,7,72,295.0,60,0,0,61051,65536
2026-07-22T02:38:08.647164611+00:00,2,71,285.3,56,0,0,61047,65536
2026-07-22T02:38:08.647164611+00:00,3,69,273.8,54,0,0,61047,65536
2026-07-22T02:38:08.647164611+00:00,5,69,295.7,58,0,0,61050,65536
2026-07-22T02:38:08.647164611+00:00,7,68,283.6,60,0,0,61051,65536
2026-07-22T02:38:10.566875209+00:00,2,81,298.1,52,0,0,61047,65536
2026-07-22T02:38:10.566875209+00:00,3,73,303.5,60,0,0,61047,65536
2026-07-22T02:38:10.566875209+00:00,5,0,105.1,52,0,0,61052,65536
2026-07-22T02:38:10.566875209+00:00,7,0,105.6,55,0,0,61052,65536
2026-07-22T02:38:12.621483831+00:00,2,70,299.9,53,0,0,61048,65536
2026-07-22T02:38:12.621483831+00:00,3,69,301.6,56,0,0,61047,65536
2026-07-22T02:38:12.621483831+00:00,5,0,96.3,51,0,0,61051,65536
2026-07-22T02:38:12.621483831+00:00,7,0,95.6,54,0,0,61051,65536
2026-07-22T02:38:14.512086295+00:00,2,85,281.9,56,0,0,61047,65536
2026-07-22T02:38:14.512086295+00:00,3,82,287.3,52,0,0,61047,65536
2026-07-22T02:38:14.512086295+00:00,5,0,95.3,50,0,0,61051,65536
2026-07-22T02:38:14.512086295+00:00,7,0,104.0,54,0,0,61051,65536
2026-07-22T02:38:16.561250600+00:00,2,62,280.4,50,0,0,61047,65536
2026-07-22T02:38:16.561250600+00:00,3,69,291.8,56,0,0,61047,65536
2026-07-22T02:38:16.561250600+00:00,5,70,258.5,53,0,0,61051,65536
2026-07-22T02:38:16.561250600+00:00,7,71,271.9,58,0,0,61052,65536
2026-07-22T02:38:18.620496207+00:00,2,64,286.8,60,0,0,61047,65536
2026-07-22T02:38:18.620496207+00:00,3,48,283.3,53,0,0,61046,65536
2026-07-22T02:38:18.620496207+00:00,5,70,271.2,54,0,0,61050,65536
2026-07-22T02:38:18.620496207+00:00,7,75,299.9,68,0,0,61051,65536
2026-07-22T02:38:20.580960006+00:00,2,98,314.4,55,0,0,61047,65536
2026-07-22T02:38:20.580960006+00:00,3,65,285.6,53,0,0,61046,65536
2026-07-22T02:38:20.580960006+00:00,5,100,297.1,56,0,0,61050,65536
2026-07-22T02:38:20.580960006+00:00,7,100,332.5,60,0,0,61052,65536
2026-07-22T02:38:22.661452881+00:00,2,43,260.0,51,0,0,61048,65536
2026-07-22T02:38:22.661452881+00:00,3,70,258.4,51,0,0,61047,65536
2026-07-22T02:38:22.661452881+00:00,5,71,278.0,57,0,0,61050,65536
2026-07-22T02:38:22.661452881+00:00,7,67,299.4,61,0,0,61052,65536
2026-07-22T02:38:24.686135346+00:00,2,81,286.3,52,0,0,61047,65536
2026-07-22T02:38:24.686135346+00:00,3,70,282.9,58,0,0,61046,65536
2026-07-22T02:38:24.686135346+00:00,5,70,285.2,60,0,0,61050,65536
2026-07-22T02:38:24.686135346+00:00,7,84,312.2,67,0,0,61051,65536
2026-07-22T02:38:26.751485749+00:00,2,69,292.0,53,0,0,61047,65536
2026-07-22T02:38:26.751485749+00:00,3,66,299.2,55,0,0,61047,65536
2026-07-22T02:38:26.751485749+00:00,5,52,288.3,58,0,0,61051,65536
2026-07-22T02:38:26.751485749+00:00,7,73,270.4,62,0,0,61051,65536
2026-07-22T02:38:28.798536261+00:00,2,71,296.0,58,0,0,61047,65536
2026-07-22T02:38:28.798536261+00:00,3,71,296.1,55,0,0,61047,65536
2026-07-22T02:38:28.798536261+00:00,5,69,275.5,56,0,0,61051,65536
2026-07-22T02:38:28.798536261+00:00,7,78,339.5,70,0,0,61051,65536
2026-07-22T02:38:30.700554467+00:00,2,66,236.8,50,0,0,61047,65536
2026-07-22T02:38:30.700554467+00:00,3,70,264.2,54,0,0,61047,65536
2026-07-22T02:38:30.700554467+00:00,5,42,249.4,55,0,0,61051,65536
2026-07-22T02:38:30.700554467+00:00,7,92,283.8,68,0,0,61052,65536
2026-07-22T02:38:32.658949613+00:00,2,55,177.1,53,0,0,61048,65536
2026-07-22T02:38:32.658949613+00:00,3,76,230.6,54,0,0,61047,65536
2026-07-22T02:38:32.658949613+00:00,5,69,290.2,58,0,0,61051,65536
2026-07-22T02:38:32.658949613+00:00,7,76,295.7,71,0,0,61052,65536
2026-07-22T02:38:34.702333716+00:00,2,69,267.1,54,0,0,61047,65536
2026-07-22T02:38:34.702333716+00:00,3,71,288.5,54,0,0,61047,65536
2026-07-22T02:38:34.702333716+00:00,5,66,279.0,56,0,0,61051,65536
2026-07-22T02:38:34.702333716+00:00,7,71,320.3,70,0,0,61051,65536
2026-07-22T02:38:36.593157373+00:00,2,65,272.3,53,0,0,61047,65536
2026-07-22T02:38:36.593157373+00:00,3,72,292.7,58,0,0,61047,65536
2026-07-22T02:38:36.593157373+00:00,5,78,320.2,65,0,0,61051,65536
2026-07-22T02:38:36.593157373+00:00,7,88,334.5,67,0,0,61051,65536
2026-07-22T02:38:38.805104541+00:00,2,81,311.6,60,0,0,61047,65536
2026-07-22T02:38:38.805104541+00:00,3,70,302.0,56,0,0,61046,65536
2026-07-22T02:38:38.805104541+00:00,5,69,295.6,56,0,0,61051,65536
2026-07-22T02:38:38.805104541+00:00,7,67,297.1,62,0,0,61051,65536
2026-07-22T02:38:40.633158241+00:00,2,76,286.4,55,0,0,61047,65536
2026-07-22T02:38:40.633158241+00:00,3,83,291.1,56,0,0,61046,65536
2026-07-22T02:38:40.633158241+00:00,5,72,194.7,60,0,0,61051,65536
2026-07-22T02:38:40.633158241+00:00,7,68,201.0,66,0,0,61052,65536
2026-07-22T02:38:42.549924247+00:00,2,72,296.8,60,0,0,61048,65536
2026-07-22T02:38:42.549924247+00:00,3,77,289.2,53,0,0,61047,65536
2026-07-22T02:38:42.549924247+00:00,5,70,265.9,58,0,0,61050,65536
2026-07-22T02:38:42.549924247+00:00,7,67,295.5,63,0,0,61052,65536
2026-07-22T02:38:44.560557101+00:00,2,63,282.4,53,0,0,61048,65536
2026-07-22T02:38:44.560557101+00:00,3,67,274.8,53,0,0,61047,65536
2026-07-22T02:38:44.560557101+00:00,5,57,277.1,59,0,0,61050,65536
2026-07-22T02:38:44.560557101+00:00,7,27,245.1,61,0,0,61051,65536
2026-07-22T02:38:46.392114207+00:00,2,71,284.5,58,0,0,61048,65536
2026-07-22T02:38:46.392114207+00:00,3,71,302.5,53,0,0,61047,65536
2026-07-22T02:38:46.392114207+00:00,5,93,319.1,60,0,0,61051,65536
2026-07-22T02:38:46.392114207+00:00,7,67,280.2,62,0,0,61051,65536
2026-07-22T02:38:48.508106033+00:00,2,74,280.2,52,0,0,61047,65536
2026-07-22T02:38:48.508106033+00:00,3,100,321.2,55,0,0,61047,65536
2026-07-22T02:38:48.508106033+00:00,5,86,270.1,57,0,0,61051,65536
2026-07-22T02:38:48.508106033+00:00,7,79,284.1,64,0,0,61051,65536
2026-07-22T02:38:50.338598492+00:00,2,76,207.4,58,0,0,61047,65536
2026-07-22T02:38:50.338598492+00:00,3,70,208.6,58,0,0,61047,65536
2026-07-22T02:38:50.338598492+00:00,5,74,194.4,61,0,0,61050,65536
2026-07-22T02:38:50.338598492+00:00,7,74,208.8,67,0,0,61052,65536
2026-07-22T02:38:52.222756968+00:00,2,70,198.9,57,0,0,61047,65536
2026-07-22T02:38:52.222756968+00:00,3,70,204.5,58,0,0,61047,65536
2026-07-22T02:38:52.222756968+00:00,5,71,279.3,58,0,0,61052,65536
2026-07-22T02:38:52.222756968+00:00,7,69,279.7,63,0,0,61051,65536
2026-07-22T02:38:54.133060041+00:00,2,75,195.4,58,0,0,61047,65536
2026-07-22T02:38:54.133060041+00:00,3,70,204.5,57,0,0,61047,65536
2026-07-22T02:38:54.133060041+00:00,5,73,269.2,56,0,0,61051,65536
2026-07-22T02:38:54.133060041+00:00,7,77,299.1,67,0,0,61051,65536
2026-07-22T02:38:56.004907220+00:00,2,71,193.7,56,0,0,61047,65536
2026-07-22T02:38:56.004907220+00:00,3,70,207.0,58,0,0,61047,65536
2026-07-22T02:38:56.004907220+00:00,5,100,318.9,64,0,0,61052,65536
2026-07-22T02:38:56.004907220+00:00,7,74,303.0,64,0,0,61051,65536
2026-07-22T02:38:57.904253288+00:00,2,78,202.5,57,0,0,61047,65536
2026-07-22T02:38:57.904253288+00:00,3,74,205.9,59,0,0,61047,65536
2026-07-22T02:38:57.904253288+00:00,5,74,287.5,56,0,0,61051,65536
2026-07-22T02:38:57.904253288+00:00,7,100,339.7,74,0,0,61051,65536
2026-07-22T02:38:59.784688494+00:00,2,77,195.4,57,0,0,61047,65536
2026-07-22T02:38:59.784688494+00:00,3,70,201.2,56,0,0,61046,65536
2026-07-22T02:38:59.784688494+00:00,5,73,201.0,60,0,0,61051,65536
2026-07-22T02:38:59.784688494+00:00,7,73,204.9,67,0,0,61051,65536
2026-07-22T02:39:01.649547241+00:00,2,78,194.9,57,0,0,61049,65536
2026-07-22T02:39:01.649547241+00:00,3,71,198.3,57,0,0,61046,65536
2026-07-22T02:39:01.649547241+00:00,5,75,205.6,60,0,0,61051,65536
2026-07-22T02:39:01.649547241+00:00,7,75,204.8,67,0,0,61051,65536
2026-07-22T02:39:03.510885633+00:00,2,77,199.4,56,0,0,61047,65536
2026-07-22T02:39:03.510885633+00:00,3,69,199.4,56,0,0,61047,65536
2026-07-22T02:39:03.510885633+00:00,5,80,193.8,61,0,0,61051,65536
2026-07-22T02:39:03.510885633+00:00,7,73,204.3,67,0,0,61051,65536
2026-07-22T02:39:05.377634990+00:00,2,71,195.2,55,0,0,61047,65536
2026-07-22T02:39:05.377634990+00:00,3,72,204.4,56,0,0,61046,65536
2026-07-22T02:39:05.377634990+00:00,5,77,186.7,60,0,0,61051,65536
2026-07-22T02:39:05.377634990+00:00,7,73,204.4,67,0,0,61051,65536
2026-07-22T02:39:07.239991348+00:00,2,79,196.8,57,0,0,61048,65536
2026-07-22T02:39:07.239991348+00:00,3,65,200.3,56,0,0,61046,65536
2026-07-22T02:39:07.239991348+00:00,5,80,209.4,61,0,0,61051,65536
2026-07-22T02:39:07.239991348+00:00,7,74,199.2,66,0,0,61051,65536
2026-07-22T02:39:09.129596040+00:00,2,66,270.1,50,0,0,61047,65536
2026-07-22T02:39:09.129596040+00:00,3,67,270.7,51,0,0,61047,65536
2026-07-22T02:39:09.129596040+00:00,5,81,205.2,60,0,0,61050,65536
2026-07-22T02:39:09.129596040+00:00,7,75,205.5,66,0,0,61051,65536
2026-07-22T02:39:11.157209996+00:00,2,31,223.3,49,0,0,61047,65536
2026-07-22T02:39:11.157209996+00:00,3,67,253.3,52,0,0,61047,65536
2026-07-22T02:39:11.157209996+00:00,5,74,184.1,60,0,0,61050,65536
2026-07-22T02:39:11.157209996+00:00,7,74,204.5,66,0,0,61051,65536
2026-07-22T02:39:13.182358622+00:00,2,100,307.5,51,0,0,61047,65536
2026-07-22T02:39:13.182358622+00:00,3,68,287.4,52,0,0,61047,65536
2026-07-22T02:39:13.182358622+00:00,5,74,200.4,60,0,0,61051,65536
2026-07-22T02:39:13.182358622+00:00,7,76,208.9,65,0,0,61051,65536
2026-07-22T02:39:15.119317900+00:00,2,72,244.1,51,0,0,61047,65536
2026-07-22T02:39:15.119317900+00:00,3,83,281.0,57,0,0,61047,65536
2026-07-22T02:39:15.119317900+00:00,5,73,196.7,60,0,0,61051,65536
2026-07-22T02:39:15.119317900+00:00,7,75,204.6,65,0,0,61051,65536
2026-07-22T02:39:17.137357273+00:00,2,72,235.2,58,0,0,61047,65536
2026-07-22T02:39:17.137357273+00:00,3,78,275.7,58,0,0,61046,65536
2026-07-22T02:39:17.137357273+00:00,5,70,279.0,62,0,0,61051,65536
2026-07-22T02:39:17.137357273+00:00,7,74,287.6,63,0,0,61051,65536
2026-07-22T02:39:19.199044692+00:00,2,77,280.1,54,0,0,61047,65536
2026-07-22T02:39:19.199044692+00:00,3,70,293.6,56,0,0,61046,65536
2026-07-22T02:39:19.199044692+00:00,5,79,287.6,56,0,0,61051,65536
2026-07-22T02:39:19.199044692+00:00,7,75,301.3,70,0,0,61052,65536
2026-07-22T02:39:21.077545137+00:00,2,67,280.9,52,0,0,61047,65536
2026-07-22T02:39:21.077545137+00:00,3,82,313.6,53,0,0,61046,65536
2026-07-22T02:39:21.077545137+00:00,5,99,304.8,56,0,0,61051,65536
2026-07-22T02:39:21.077545137+00:00,7,100,325.7,64,0,0,61052,65536
2026-07-22T02:39:23.160089560+00:00,2,70,289.8,59,0,0,61047,65536
2026-07-22T02:39:23.160089560+00:00,3,92,319.1,59,0,0,61047,65536
2026-07-22T02:39:23.160089560+00:00,5,100,321.8,61,0,0,61051,65536
2026-07-22T02:39:23.160089560+00:00,7,67,288.1,61,0,0,61052,65536
2026-07-22T02:39:24.997798234+00:00,2,70,275.7,51,0,0,61047,65536
2026-07-22T02:39:24.997798234+00:00,3,69,282.5,52,0,0,61047,65536
2026-07-22T02:39:24.997798234+00:00,5,75,286.0,56,0,0,61051,65536
2026-07-22T02:39:24.997798234+00:00,7,74,290.1,66,0,0,61051,65536
2026-07-22T02:39:27.055954097+00:00,2,79,302.8,59,0,0,61048,65536
2026-07-22T02:39:27.055954097+00:00,3,71,300.5,62,0,0,61047,65536
2026-07-22T02:39:27.055954097+00:00,5,74,289.0,63,0,0,61051,65536
2026-07-22T02:39:27.055954097+00:00,7,77,285.1,62,0,0,61051,65536
2026-07-22T02:39:28.894933671+00:00,2,83,300.3,52,0,0,61048,65536
2026-07-22T02:39:28.894933671+00:00,3,71,291.3,56,0,0,61047,65536
2026-07-22T02:39:28.894933671+00:00,5,82,294.9,56,0,0,61050,65536
2026-07-22T02:39:28.894933671+00:00,7,74,309.8,64,0,0,61051,65536
2026-07-22T02:39:31.008021061+00:00,2,71,300.2,60,0,0,61048,65536
2026-07-22T02:39:31.008021061+00:00,3,74,292.6,54,0,0,61047,65536
2026-07-22T02:39:31.008021061+00:00,5,74,310.4,65,0,0,61050,65536
2026-07-22T02:39:31.008021061+00:00,7,77,291.2,62,0,0,61052,65536
2026-07-22T02:39:32.827376962+00:00,2,60,246.0,54,0,0,61048,65536
2026-07-22T02:39:32.827376962+00:00,3,24,214.9,51,0,0,61047,65536
2026-07-22T02:39:32.827376962+00:00,5,75,272.7,56,0,0,61051,65536
2026-07-22T02:39:32.827376962+00:00,7,75,299.0,71,0,0,61052,65536
2026-07-22T02:39:34.894932285+00:00,2,66,181.5,57,0,0,61048,65536
2026-07-22T02:39:34.894932285+00:00,3,65,187.7,58,0,0,61047,65536
2026-07-22T02:39:34.894932285+00:00,5,77,294.8,56,0,0,61051,65536
2026-07-22T02:39:34.894932285+00:00,7,69,306.2,71,0,0,61051,65536
2026-07-22T02:39:36.863636750+00:00,2,72,285.9,62,0,0,61048,65536
2026-07-22T02:39:36.863636750+00:00,3,77,304.3,57,0,0,61047,65536
2026-07-22T02:39:36.863636750+00:00,5,69,292.0,59,0,0,61051,65536
2026-07-22T02:39:36.863636750+00:00,7,81,290.0,62,0,0,61051,65536
2026-07-22T02:39:38.727173257+00:00,2,45,234.5,52,0,0,61047,65536
2026-07-22T02:39:38.727173257+00:00,3,71,276.0,63,0,0,61047,65536
2026-07-22T02:39:38.727173257+00:00,5,75,285.0,58,0,0,61051,65536
2026-07-22T02:39:38.727173257+00:00,7,100,328.5,67,0,0,61052,65536
2026-07-22T02:39:40.574662737+00:00,2,67,302.5,56,0,0,61047,65536
2026-07-22T02:39:40.574662737+00:00,3,72,287.2,56,0,0,61047,65536
2026-07-22T02:39:40.574662737+00:00,5,34,247.5,59,0,0,61051,65536
2026-07-22T02:39:40.574662737+00:00,7,74,268.6,69,0,0,61051,65536
2026-07-22T02:39:42.421513847+00:00,2,100,322.7,62,0,0,61048,65536
2026-07-22T02:39:42.421513847+00:00,3,47,298.1,54,0,0,61047,65536
2026-07-22T02:39:42.421513847+00:00,5,78,306.8,67,0,0,61050,65536
2026-07-22T02:39:42.421513847+00:00,7,73,283.9,63,0,0,61051,65536
2026-07-22T02:39:44.281181222+00:00,2,61,192.0,57,0,0,61048,65536
2026-07-22T02:39:44.281181222+00:00,3,67,198.0,58,0,0,61047,65536
2026-07-22T02:39:44.281181222+00:00,5,75,276.4,66,0,0,61050,65536
2026-07-22T02:39:44.281181222+00:00,7,89,310.9,64,0,0,61051,65536
2026-07-22T02:39:46.117360571+00:00,2,65,184.1,57,0,0,61048,65536
2026-07-22T02:39:46.117360571+00:00,3,66,187.7,59,0,0,61047,65536
2026-07-22T02:39:46.117360571+00:00,5,88,308.2,59,0,0,61051,65536
2026-07-22T02:39:46.117360571+00:00,7,75,313.1,72,0,0,61051,65536
2026-07-22T02:39:47.968694213+00:00,2,66,181.7,57,0,0,61047,65536
2026-07-22T02:39:47.968694213+00:00,3,67,191.6,56,0,0,61047,65536
2026-07-22T02:39:47.968694213+00:00,5,87,251.8,58,0,0,61051,65536
2026-07-22T02:39:47.968694213+00:00,7,84,291.4,68,0,0,61051,65536
2026-07-22T02:39:49.827635956+00:00,2,66,184.5,55,0,0,61047,65536
2026-07-22T02:39:49.827635956+00:00,3,60,191.4,57,0,0,61047,65536
2026-07-22T02:39:49.827635956+00:00,5,75,285.3,62,0,0,61051,65536
2026-07-22T02:39:49.827635956+00:00,7,74,295.5,68,0,0,61051,65536
2026-07-22T02:39:51.676708611+00:00,2,65,187.5,56,0,0,61047,65536
2026-07-22T02:39:51.676708611+00:00,3,65,187.9,55,0,0,61047,65536
2026-07-22T02:39:51.676708611+00:00,5,83,283.9,57,0,0,61051,65536
2026-07-22T02:39:51.676708611+00:00,7,74,301.5,74,0,0,61051,65536
2026-07-22T02:39:53.499511438+00:00,2,66,186.4,56,0,0,61047,65536
2026-07-22T02:39:53.499511438+00:00,3,73,192.5,57,0,0,61047,65536
2026-07-22T02:39:53.499511438+00:00,5,65,294.3,60,0,0,61051,65536
2026-07-22T02:39:53.499511438+00:00,7,100,334.9,73,0,0,61051,65536
2026-07-22T02:39:55.335926261+00:00,2,67,180.6,56,0,0,61047,65536
2026-07-22T02:39:55.335926261+00:00,3,67,193.4,57,0,0,61047,65536
2026-07-22T02:39:55.335926261+00:00,5,68,289.2,62,0,0,61051,65536
2026-07-22T02:39:55.335926261+00:00,7,73,313.8,64,0,0,61051,65536
2026-07-22T02:39:57.178605724+00:00,2,62,181.7,55,0,0,61047,65536
2026-07-22T02:39:57.178605724+00:00,3,66,195.7,56,0,0,61047,65536
2026-07-22T02:39:57.178605724+00:00,5,55,204.6,61,0,0,61051,65536
2026-07-22T02:39:57.178605724+00:00,7,79,250.7,64,0,0,61051,65536
2026-07-22T02:39:59.021883087+00:00,2,67,179.4,56,0,0,61047,65536
2026-07-22T02:39:59.021883087+00:00,3,67,184.4,57,0,0,61046,65536
2026-07-22T02:39:59.021883087+00:00,5,71,282.1,58,0,0,61051,65536
2026-07-22T02:39:59.021883087+00:00,7,71,297.5,70,0,0,61052,65536
2026-07-22T02:40:00.896271797+00:00,2,75,301.4,60,0,0,61047,65536
2026-07-22T02:40:00.896271797+00:00,3,76,288.7,52,0,0,61046,65536
2026-07-22T02:40:00.896271797+00:00,5,100,311.8,62,0,0,61051,65536
2026-07-22T02:40:00.896271797+00:00,7,66,286.7,64,0,0,61052,65536
2026-07-22T02:40:02.760353242+00:00,2,67,267.0,52,0,0,61048,65536
2026-07-22T02:40:02.760353242+00:00,3,63,288.5,51,0,0,61047,65536
2026-07-22T02:40:02.760353242+00:00,5,78,289.0,57,0,0,61051,65536
2026-07-22T02:40:02.760353242+00:00,7,71,293.3,68,0,0,61051,65536
2026-07-22T02:40:04.624780863+00:00,2,91,329.6,60,0,0,61048,65536
2026-07-22T02:40:04.624780863+00:00,3,73,315.0,60,0,0,61047,65536
2026-07-22T02:40:04.624780863+00:00,5,79,279.7,58,0,0,61051,65536
2026-07-22T02:40:04.624780863+00:00,7,87,297.4,67,0,0,61051,65536
2026-07-22T02:40:06.488443881+00:00,2,100,319.8,55,0,0,61048,65536
2026-07-22T02:40:06.488443881+00:00,3,70,295.5,53,0,0,61047,65536
2026-07-22T02:40:06.488443881+00:00,5,63,288.3,58,0,0,61051,65536
2026-07-22T02:40:06.488443881+00:00,7,74,296.3,66,0,0,61051,65536
2026-07-22T02:40:08.356019182+00:00,2,66,177.5,54,0,0,61048,65536
2026-07-22T02:40:08.356019182+00:00,3,61,190.5,57,0,0,61047,65536
2026-07-22T02:40:08.356019182+00:00,5,66,277.4,58,0,0,61051,65536
2026-07-22T02:40:08.356019182+00:00,7,67,288.1,64,0,0,61051,65536
2026-07-22T02:40:10.183421262+00:00,2,62,178.7,55,0,0,61048,65536
2026-07-22T02:40:10.183421262+00:00,3,58,184.4,56,0,0,61047,65536
2026-07-22T02:40:10.183421262+00:00,5,74,308.7,65,0,0,61051,65536
2026-07-22T02:40:10.183421262+00:00,7,79,295.6,63,0,0,61051,65536
2026-07-22T02:40:12.025587477+00:00,2,73,279.1,59,0,0,61048,65536
2026-07-22T02:40:12.025587477+00:00,3,79,299.4,58,0,0,61047,65536
2026-07-22T02:40:12.025587477+00:00,5,74,273.2,57,0,0,61050,65536
2026-07-22T02:40:12.025587477+00:00,7,86,319.6,65,0,0,61051,65536
2026-07-22T02:40:13.914249224+00:00,2,72,289.7,59,0,0,61048,65536
2026-07-22T02:40:13.914249224+00:00,3,74,287.2,52,0,0,61047,65536
2026-07-22T02:40:13.914249224+00:00,5,75,294.6,64,0,0,61051,65536
2026-07-22T02:40:13.914249224+00:00,7,70,282.9,64,0,0,61051,65536
2026-07-22T02:40:15.751300838+00:00,2,80,281.1,51,0,0,61047,65536
2026-07-22T02:40:15.751300838+00:00,3,97,337.6,62,0,0,61046,65536
2026-07-22T02:40:15.751300838+00:00,5,75,299.7,67,0,0,61051,65536
2026-07-22T02:40:15.751300838+00:00,7,75,285.4,64,0,0,61051,65536
2026-07-22T02:40:17.617048980+00:00,2,65,273.7,51,0,0,61047,65536
2026-07-22T02:40:17.617048980+00:00,3,75,310.5,53,0,0,61046,65536
2026-07-22T02:40:17.617048980+00:00,5,100,308.4,62,0,0,61051,65536
2026-07-22T02:40:17.617048980+00:00,7,76,307.9,66,0,0,61051,65536
2026-07-22T02:40:19.475350262+00:00,2,56,180.8,56,0,0,61047,65536
2026-07-22T02:40:19.475350262+00:00,3,53,188.7,57,0,0,61046,65536
2026-07-22T02:40:19.475350262+00:00,5,68,295.6,59,0,0,61051,65536
2026-07-22T02:40:19.475350262+00:00,7,66,298.5,72,0,0,61051,65536
2026-07-22T02:40:21.319971737+00:00,2,55,173.8,56,0,0,61047,65536
2026-07-22T02:40:21.319971737+00:00,3,55,186.5,56,0,0,61046,65536
2026-07-22T02:40:21.319971737+00:00,5,87,286.8,63,0,0,61051,65536
2026-07-22T02:40:21.319971737+00:00,7,75,265.2,67,0,0,61051,65536
2026-07-22T02:40:23.151601134+00:00,2,55,175.0,56,0,0,61047,65536
2026-07-22T02:40:23.151601134+00:00,3,55,181.2,56,0,0,61047,65536
2026-07-22T02:40:23.151601134+00:00,5,72,190.7,63,0,0,61051,65536
2026-07-22T02:40:23.151601134+00:00,7,74,206.9,69,0,0,61051,65536
2026-07-22T02:40:25.001046045+00:00,2,55,175.8,55,0,0,61047,65536
2026-07-22T02:40:25.001046045+00:00,3,54,184.6,55,0,0,61047,65536
2026-07-22T02:40:25.001046045+00:00,5,73,203.4,62,0,0,61051,65536
2026-07-22T02:40:25.001046045+00:00,7,72,203.5,68,0,0,61051,65536
2026-07-22T02:40:26.832209855+00:00,2,54,179.1,55,0,0,61047,65536
2026-07-22T02:40:26.832209855+00:00,3,55,182.3,56,0,0,61047,65536
2026-07-22T02:40:26.832209855+00:00,5,81,214.3,63,0,0,61051,65536
2026-07-22T02:40:26.832209855+00:00,7,74,197.3,68,0,0,61051,65536
2026-07-22T02:40:28.670537909+00:00,2,54,173.0,55,0,0,61048,65536
2026-07-22T02:40:28.670537909+00:00,3,54,182.3,55,0,0,61047,65536
2026-07-22T02:40:28.670537909+00:00,5,74,202.5,61,0,0,61051,65536
2026-07-22T02:40:28.670537909+00:00,7,74,205.8,67,0,0,61051,65536
2026-07-22T02:40:30.509192518+00:00,2,56,177.0,55,0,0,61047,65536
2026-07-22T02:40:30.509192518+00:00,3,54,182.1,55,0,0,61047,65536
2026-07-22T02:40:30.509192518+00:00,5,72,189.5,61,0,0,61050,65536
2026-07-22T02:40:30.509192518+00:00,7,81,205.5,68,0,0,61051,65536
2026-07-22T02:40:32.353206643+00:00,2,54,179.0,55,0,0,61048,65536
2026-07-22T02:40:32.353206643+00:00,3,55,184.7,55,0,0,61047,65536
2026-07-22T02:40:32.353206643+00:00,5,73,185.9,60,0,0,61050,65536
2026-07-22T02:40:32.353206643+00:00,7,74,202.9,67,0,0,61051,65536
2026-07-22T02:40:34.210724573+00:00,2,83,296.8,55,0,0,61048,65536
2026-07-22T02:40:34.210724573+00:00,3,71,301.0,60,0,0,61047,65536
2026-07-22T02:40:34.210724573+00:00,5,81,213.1,61,0,0,61050,65536
2026-07-22T02:40:34.210724573+00:00,7,72,207.9,67,0,0,61051,65536
2026-07-22T02:40:36.074403312+00:00,2,72,285.5,58,0,0,61047,65536
2026-07-22T02:40:36.074403312+00:00,3,77,300.1,59,0,0,61047,65536
2026-07-22T02:40:36.074403312+00:00,5,72,208.2,61,0,0,61051,65536
2026-07-22T02:40:36.074403312+00:00,7,72,204.4,67,0,0,61051,65536
2026-07-22T02:40:37.914850510+00:00,2,70,282.3,53,0,0,61047,65536
2026-07-22T02:40:37.914850510+00:00,3,74,311.8,53,0,0,61047,65536
2026-07-22T02:40:37.914850510+00:00,5,75,190.1,60,0,0,61051,65536
2026-07-22T02:40:37.914850510+00:00,7,75,206.9,66,0,0,61051,65536
2026-07-22T02:40:39.780426709+00:00,2,87,322.6,59,0,0,61047,65536
2026-07-22T02:40:39.780426709+00:00,3,72,315.8,61,0,0,61047,65536
2026-07-22T02:40:39.780426709+00:00,5,75,245.3,58,0,0,61051,65536
2026-07-22T02:40:39.780426709+00:00,7,79,299.2,71,0,0,61051,65536
2026-07-22T02:40:41.637638854+00:00,2,54,174.0,56,0,0,61048,65536
2026-07-22T02:40:41.637638854+00:00,3,55,182.8,56,0,0,61047,65536
2026-07-22T02:40:41.637638854+00:00,5,73,283.3,60,0,0,61051,65536
2026-07-22T02:40:41.637638854+00:00,7,72,312.1,70,0,0,61051,65536
2026-07-22T02:40:43.489481894+00:00,2,53,172.2,55,0,0,61048,65536
2026-07-22T02:40:43.489481894+00:00,3,54,178.4,56,0,0,61047,65536
2026-07-22T02:40:43.489481894+00:00,5,72,301.5,64,0,0,61051,65536
2026-07-22T02:40:43.489481894+00:00,7,81,286.4,62,0,0,61051,65536
2026-07-22T02:40:45.339045537+00:00,2,56,177.9,55,0,0,61047,65536
2026-07-22T02:40:45.339045537+00:00,3,53,183.0,55,0,0,61047,65536
2026-07-22T02:40:45.339045537+00:00,5,72,277.0,56,0,0,61051,65536
2026-07-22T02:40:45.339045537+00:00,7,100,339.6,71,0,0,61051,65536
2026-07-22T02:40:47.192155557+00:00,2,53,168.5,54,0,0,61047,65536
2026-07-22T02:40:47.192155557+00:00,3,50,184.0,55,0,0,61047,65536
2026-07-22T02:40:47.192155557+00:00,5,86,281.3,59,0,0,61051,65536
2026-07-22T02:40:47.192155557+00:00,7,85,293.2,63,0,0,61051,65536
2026-07-22T02:40:49.029372804+00:00,2,52,174.9,54,0,0,61048,65536
2026-07-22T02:40:49.029372804+00:00,3,53,179.8,54,0,0,61046,65536
2026-07-22T02:40:49.029372804+00:00,5,70,285.9,59,0,0,61051,65536
2026-07-22T02:40:49.029372804+00:00,7,70,284.5,66,0,0,61051,65536
2026-07-22T02:40:50.890937398+00:00,2,50,170.1,54,0,0,61048,65536
2026-07-22T02:40:50.890937398+00:00,3,52,179.1,54,0,0,61046,65536
2026-07-22T02:40:50.890937398+00:00,5,68,280.8,57,0,0,61051,65536
2026-07-22T02:40:50.890937398+00:00,7,68,296.4,66,0,0,61051,65536
2026-07-22T02:40:52.728231676+00:00,2,52,166.5,54,0,0,61048,65536
2026-07-22T02:40:52.728231676+00:00,3,53,182.2,54,0,0,61047,65536
2026-07-22T02:40:52.728231676+00:00,5,73,280.7,57,0,0,61051,65536
2026-07-22T02:40:52.728231676+00:00,7,100,340.0,75,0,0,61051,65536
2026-07-22T02:40:54.583495080+00:00,2,52,175.4,54,0,0,61048,65536
2026-07-22T02:40:54.583495080+00:00,3,52,175.6,55,0,0,61047,65536
2026-07-22T02:40:54.583495080+00:00,5,100,310.9,59,0,0,61051,65536
2026-07-22T02:40:54.583495080+00:00,7,74,306.7,64,0,0,61051,65536
2026-07-22T02:40:56.428211026+00:00,2,52,175.4,54,0,0,61048,65536
2026-07-22T02:40:56.428211026+00:00,3,52,174.6,53,0,0,61047,65536
2026-07-22T02:40:56.428211026+00:00,5,38,181.5,58,0,0,61051,65536
2026-07-22T02:40:56.428211026+00:00,7,67,232.4,63,0,0,61051,65536
2026-07-22T02:40:58.273157026+00:00,2,51,171.5,53,0,0,61047,65536
2026-07-22T02:40:58.273157026+00:00,3,53,179.5,55,0,0,61047,65536
2026-07-22T02:40:58.273157026+00:00,5,69,292.0,64,0,0,61051,65536
2026-07-22T02:40:58.273157026+00:00,7,81,293.8,63,0,0,61051,65536
2026-07-22T02:41:00.134279954+00:00,2,0,108.5,45,0,0,61047,65536
2026-07-22T02:41:00.134279954+00:00,3,6,120.5,48,0,0,61047,65536
2026-07-22T02:41:00.134279954+00:00,5,93,306.0,65,0,0,61051,65536
2026-07-22T02:41:00.134279954+00:00,7,75,319.6,73,0,0,61051,65536
2026-07-22T02:41:02.006928456+00:00,2,77,275.6,50,0,0,61048,65536
2026-07-22T02:41:02.006928456+00:00,3,68,307.0,53,0,0,61047,65536
2026-07-22T02:41:02.006928456+00:00,5,65,293.8,59,0,0,61050,65536
2026-07-22T02:41:02.006928456+00:00,7,67,281.8,63,0,0,61052,65536
2026-07-22T02:41:03.873549451+00:00,2,68,250.6,52,0,0,61048,65536
2026-07-22T02:41:03.873549451+00:00,3,80,297.0,57,0,0,61047,65536
2026-07-22T02:41:03.873549451+00:00,5,71,271.5,64,0,0,61050,65536
2026-07-22T02:41:03.873549451+00:00,7,85,308.0,71,0,0,61052,65536
2026-07-22T02:41:05.724202502+00:00,2,85,311.5,58,0,0,61048,65536
2026-07-22T02:41:05.724202502+00:00,3,73,311.5,56,0,0,61047,65536
2026-07-22T02:41:05.724202502+00:00,5,78,304.7,63,0,0,61051,65536
2026-07-22T02:41:05.724202502+00:00,7,74,289.4,62,0,0,61051,65536
2026-07-22T02:41:07.584134101+00:00,2,34,250.0,49,0,0,61047,65536
2026-07-22T02:41:07.584134101+00:00,3,67,257.8,51,0,0,61047,65536
2026-07-22T02:41:07.584134101+00:00,5,74,253.0,56,0,0,61051,65536
2026-07-22T02:41:07.584134101+00:00,7,72,279.8,68,0,0,61051,65536
2026-07-22T02:41:09.428477681+00:00,2,71,272.0,51,0,0,61047,65536
2026-07-22T02:41:09.428477681+00:00,3,75,314.0,55,0,0,61047,65536
2026-07-22T02:41:09.428477681+00:00,5,70,282.9,63,0,0,61051,65536
2026-07-22T02:41:09.428477681+00:00,7,69,302.4,63,0,0,61051,65536
2026-07-22T02:41:11.279787692+00:00,2,25,235.2,49,0,0,61047,65536
2026-07-22T02:41:11.279787692+00:00,3,70,266.3,57,0,0,61047,65536
2026-07-22T02:41:11.279787692+00:00,5,19,230.2,57,0,0,61051,65536
2026-07-22T02:41:11.279787692+00:00,7,66,256.3,65,0,0,61051,65536
2026-07-22T02:41:13.168140565+00:00,2,72,295.7,58,0,0,61048,65536
2026-07-22T02:41:13.168140565+00:00,3,87,333.9,61,0,0,61047,65536
2026-07-22T02:41:13.168140565+00:00,5,65,288.0,62,0,0,61051,65536
2026-07-22T02:41:13.168140565+00:00,7,79,292.6,63,0,0,61051,65536
2026-07-22T02:41:15.048959927+00:00,2,53,291.8,56,0,0,61048,65536
2026-07-22T02:41:15.048959927+00:00,3,24,229.3,50,0,0,61047,65536
2026-07-22T02:41:15.048959927+00:00,5,77,304.6,65,0,0,61051,65536
2026-07-22T02:41:15.048959927+00:00,7,73,291.5,63,0,0,61051,65536
2026-07-22T02:41:16.919098819+00:00,2,53,175.0,56,0,0,61047,65536
2026-07-22T02:41:16.919098819+00:00,3,56,184.1,56,0,0,61047,65536
2026-07-22T02:41:16.919098819+00:00,5,67,276.0,58,0,0,61051,65536
2026-07-22T02:41:16.919098819+00:00,7,100,332.2,67,0,0,61051,65536
2026-07-22T02:41:18.762748578+00:00,2,55,175.5,55,0,0,61047,65536
2026-07-22T02:41:18.762748578+00:00,3,54,189.5,56,0,0,61046,65536
2026-07-22T02:41:18.762748578+00:00,5,100,308.9,60,0,0,61051,65536
2026-07-22T02:41:18.762748578+00:00,7,64,282.6,63,0,0,61051,65536
2026-07-22T02:41:20.625128795+00:00,2,54,173.0,54,0,0,61047,65536
2026-07-22T02:41:20.625128795+00:00,3,55,184.6,56,0,0,61046,65536
2026-07-22T02:41:20.625128795+00:00,5,78,282.1,59,0,0,61051,65536
2026-07-22T02:41:20.625128795+00:00,7,82,293.6,68,0,0,61052,65536
2026-07-22T02:41:22.478062623+00:00,2,55,175.3,54,0,0,61048,65536
2026-07-22T02:41:22.478062623+00:00,3,54,181.6,55,0,0,61047,65536
2026-07-22T02:41:22.478062623+00:00,5,76,273.2,59,0,0,61051,65536
2026-07-22T02:41:22.478062623+00:00,7,76,313.4,71,0,0,61052,65536
2026-07-22T02:41:24.336498988+00:00,2,54,177.3,55,0,0,61047,65536
2026-07-22T02:41:24.336498988+00:00,3,54,182.7,55,0,0,61047,65536
2026-07-22T02:41:24.336498988+00:00,5,74,291.8,66,0,0,61051,65536
2026-07-22T02:41:24.336498988+00:00,7,67,293.9,64,0,0,61051,65536
2026-07-22T02:41:26.183286897+00:00,2,53,176.8,55,0,0,61047,65536
2026-07-22T02:41:26.183286897+00:00,3,54,181.1,55,0,0,61047,65536
2026-07-22T02:41:26.183286897+00:00,5,98,311.7,62,0,0,61051,65536
2026-07-22T02:41:26.183286897+00:00,7,71,299.0,68,0,0,61051,65536
2026-07-22T02:41:28.045678915+00:00,2,56,172.7,54,0,0,61047,65536
2026-07-22T02:41:28.045678915+00:00,3,55,188.0,55,0,0,61047,65536
2026-07-22T02:41:28.045678915+00:00,5,78,288.1,57,0,0,61051,65536
2026-07-22T02:41:28.045678915+00:00,7,68,296.5,66,0,0,61051,65536
2026-07-22T02:41:29.890669555+00:00,2,56,175.0,53,0,0,61047,65536
2026-07-22T02:41:29.890669555+00:00,3,54,184.2,55,0,0,61047,65536
2026-07-22T02:41:29.890669555+00:00,5,74,298.2,66,0,0,61051,65536
2026-07-22T02:41:29.890669555+00:00,7,84,295.3,63,0,0,61051,65536
2026-07-22T02:41:31.737033537+00:00,2,56,173.3,54,0,0,61047,65536
2026-07-22T02:41:31.737033537+00:00,3,54,184.8,55,0,0,61047,65536
2026-07-22T02:41:31.737033537+00:00,5,66,285.8,59,0,0,61051,65536
2026-07-22T02:41:31.737033537+00:00,7,75,299.5,65,0,0,61051,65536
2026-07-22T02:41:33.596203974+00:00,2,56,170.8,53,0,0,61048,65536
2026-07-22T02:41:33.596203974+00:00,3,50,182.5,55,0,0,61047,65536
2026-07-22T02:41:33.596203974+00:00,5,73,292.5,64,0,0,61050,65536
2026-07-22T02:41:33.596203974+00:00,7,100,324.6,66,0,0,61051,65536
2026-07-22T02:41:35.444143391+00:00,2,52,172.0,53,0,0,61048,65536
2026-07-22T02:41:35.444143391+00:00,3,52,182.5,54,0,0,61048,65536
2026-07-22T02:41:35.444143391+00:00,5,98,328.3,67,0,0,61051,65536
2026-07-22T02:41:35.444143391+00:00,7,71,315.0,68,0,0,61051,65536
2026-07-22T02:41:37.289837143+00:00,2,69,285.5,54,0,0,61047,65536
2026-07-22T02:41:37.289837143+00:00,3,70,286.5,56,0,0,61047,65536
2026-07-22T02:41:37.289837143+00:00,5,71,252.0,58,0,0,61051,65536
2026-07-22T02:41:37.289837143+00:00,7,65,279.6,63,0,0,61051,65536
2026-07-22T02:41:39.143647154+00:00,2,51,284.3,53,0,0,61047,65536
2026-07-22T02:41:39.143647154+00:00,3,54,307.3,59,0,0,61047,65536
2026-07-22T02:41:39.143647154+00:00,5,83,281.4,58,0,0,61051,65536
2026-07-22T02:41:39.143647154+00:00,7,67,292.6,67,0,0,61051,65536
2026-07-22T02:41:41.006938587+00:00,2,65,273.8,51,0,0,61047,65536
2026-07-22T02:41:41.006938587+00:00,3,100,339.3,59,0,0,61047,65536
2026-07-22T02:41:41.006938587+00:00,5,68,295.3,60,0,0,61051,65536
2026-07-22T02:41:41.006938587+00:00,7,65,279.8,64,0,0,61051,65536
2026-07-22T02:41:42.871563300+00:00,2,100,322.9,60,0,0,61048,65536
2026-07-22T02:41:42.871563300+00:00,3,98,336.9,60,0,0,61047,65536
2026-07-22T02:41:42.871563300+00:00,5,75,291.5,65,0,0,61051,65536
2026-07-22T02:41:42.871563300+00:00,7,95,330.0,71,0,0,61051,65536
2026-07-22T02:41:44.730275290+00:00,2,52,171.9,54,0,0,61048,65536
2026-07-22T02:41:44.730275290+00:00,3,52,180.0,55,0,0,61047,65536
2026-07-22T02:41:44.730275290+00:00,5,86,287.6,60,0,0,61051,65536
2026-07-22T02:41:44.730275290+00:00,7,79,276.4,68,0,0,61051,65536
2026-07-22T02:41:46.588240697+00:00,2,53,166.1,54,0,0,61048,65536
2026-07-22T02:41:46.588240697+00:00,3,50,177.7,55,0,0,61047,65536
2026-07-22T02:41:46.588240697+00:00,5,74,203.6,62,0,0,61051,65536
2026-07-22T02:41:46.588240697+00:00,7,73,205.2,69,0,0,61051,65536
2026-07-22T02:41:48.426234196+00:00,2,49,164.5,54,0,0,61047,65536
2026-07-22T02:41:48.426234196+00:00,3,52,177.3,54,0,0,61047,65536
2026-07-22T02:41:48.426234196+00:00,5,73,200.0,63,0,0,61051,65536
2026-07-22T02:41:48.426234196+00:00,7,74,205.4,68,0,0,61051,65536
2026-07-22T02:41:50.272922283+00:00,2,52,174.4,53,0,0,61047,65536
2026-07-22T02:41:50.272922283+00:00,3,53,179.7,55,0,0,61047,65536
2026-07-22T02:41:50.272922283+00:00,5,74,207.3,62,0,0,61051,65536
2026-07-22T02:41:50.272922283+00:00,7,72,200.6,68,0,0,61051,65536
2026-07-22T02:41:52.106095205+00:00,2,54,173.1,53,0,0,61048,65536
2026-07-22T02:41:52.106095205+00:00,3,53,180.6,55,0,0,61047,65536
2026-07-22T02:41:52.106095205+00:00,5,71,201.6,60,0,0,61050,65536
2026-07-22T02:41:52.106095205+00:00,7,74,205.7,66,0,0,61051,65536
2026-07-22T02:41:53.941026565+00:00,2,52,170.2,54,0,0,61048,65536
2026-07-22T02:41:53.941026565+00:00,3,51,180.2,55,0,0,61047,65536
2026-07-22T02:41:53.941026565+00:00,5,73,205.2,61,0,0,61050,65536
2026-07-22T02:41:53.941026565+00:00,7,80,210.5,67,0,0,61051,65536
2026-07-22T02:41:55.780381795+00:00,2,52,168.3,54,0,0,61047,65536
2026-07-22T02:41:55.780381795+00:00,3,53,178.4,54,0,0,61047,65536
2026-07-22T02:41:55.780381795+00:00,5,72,203.0,61,0,0,61052,65536
2026-07-22T02:41:55.780381795+00:00,7,73,209.5,68,0,0,61051,65536
2026-07-22T02:41:57.641001515+00:00,2,53,169.8,52,0,0,61047,65536
2026-07-22T02:41:57.641001515+00:00,3,52,178.0,54,0,0,61047,65536
2026-07-22T02:41:57.641001515+00:00,5,75,199.8,61,0,0,61051,65536
2026-07-22T02:41:57.641001515+00:00,7,75,205.7,67,0,0,61051,65536
2026-07-22T02:41:59.483609277+00:00,2,51,170.2,53,0,0,61047,65536
2026-07-22T02:41:59.483609277+00:00,3,53,182.7,54,0,0,61047,65536
2026-07-22T02:41:59.483609277+00:00,5,80,207.1,61,0,0,61051,65536
2026-07-22T02:41:59.483609277+00:00,7,75,204.0,66,0,0,61051,65536
2026-07-22T02:42:01.326155299+00:00,2,0,92.1,44,0,0,61047,65536
2026-07-22T02:42:01.326155299+00:00,3,0,97.2,45,0,0,61047,65536
2026-07-22T02:42:01.326155299+00:00,5,80,203.6,62,0,0,61051,65536
2026-07-22T02:42:01.326155299+00:00,7,78,199.8,67,0,0,61051,65536
2026-07-22T02:42:03.165181024+00:00,2,0,92.4,43,0,0,61047,65536
2026-07-22T02:42:03.165181024+00:00,3,0,99.1,44,0,0,61047,65536
2026-07-22T02:42:03.165181024+00:00,5,75,212.5,61,0,0,61051,65536
2026-07-22T02:42:03.165181024+00:00,7,75,208.5,66,0,0,61051,65536
2026-07-22T02:42:04.996362144+00:00,2,0,92.5,43,0,0,61047,65536
2026-07-22T02:42:04.996362144+00:00,3,0,98.3,43,0,0,61047,65536
2026-07-22T02:42:04.996362144+00:00,5,71,295.5,62,0,0,61051,65536
2026-07-22T02:42:04.996362144+00:00,7,73,293.9,63,0,0,61051,65536
2026-07-22T02:42:06.852583633+00:00,2,0,92.4,42,0,0,61047,65536
2026-07-22T02:42:06.852583633+00:00,3,0,98.0,43,0,0,61047,65536
2026-07-22T02:42:06.852583633+00:00,5,71,282.6,60,0,0,61051,65536
2026-07-22T02:42:06.852583633+00:00,7,69,298.1,67,0,0,61051,65536
2026-07-22T02:42:08.690677104+00:00,2,0,93.0,42,0,0,61047,65536
2026-07-22T02:42:08.690677104+00:00,3,0,98.2,43,0,0,61046,65536
2026-07-22T02:42:08.690677104+00:00,5,70,300.3,60,0,0,61051,65536
2026-07-22T02:42:08.690677104+00:00,7,66,282.6,62,0,0,61051,65536
2026-07-22T02:42:10.550726464+00:00,2,0,92.2,42,0,0,61047,65536
2026-07-22T02:42:10.550726464+00:00,3,0,97.7,42,0,0,61046,65536
2026-07-22T02:42:10.550726464+00:00,5,75,286.2,58,0,0,61051,65536
2026-07-22T02:42:10.550726464+00:00,7,100,326.2,63,0,0,61052,65536
2026-07-22T02:42:12.389377724+00:00,2,0,92.0,41,0,0,61048,65536
2026-07-22T02:42:12.389377724+00:00,3,0,97.5,42,0,0,61047,65536
2026-07-22T02:42:12.389377724+00:00,5,73,296.6,63,0,0,61050,65536
2026-07-22T02:42:12.389377724+00:00,7,71,280.3,63,0,0,61051,65536
2026-07-22T02:42:14.235857148+00:00,2,0,91.7,41,0,0,61048,65536
2026-07-22T02:42:14.235857148+00:00,3,0,97.2,42,0,0,61047,65536
2026-07-22T02:42:14.235857148+00:00,5,86,284.7,56,0,0,61050,65536
2026-07-22T02:42:14.235857148+00:00,7,69,293.0,64,0,0,61051,65536
2026-07-22T02:42:16.065523263+00:00,2,0,91.8,41,0,0,61048,65536
2026-07-22T02:42:16.065523263+00:00,3,0,97.3,41,0,0,61047,65536
2026-07-22T02:42:16.065523263+00:00,5,86,306.9,64,0,0,61051,65536
2026-07-22T02:42:16.065523263+00:00,7,70,303.7,62,0,0,61051,65536
2026-07-22T02:42:17.928753915+00:00,2,0,91.8,41,0,0,61047,65536
2026-07-22T02:42:17.928753915+00:00,3,0,96.8,41,0,0,61047,65536
2026-07-22T02:42:17.928753915+00:00,5,67,296.3,57,0,0,61051,65536
2026-07-22T02:42:17.928753915+00:00,7,69,305.1,66,0,0,61051,65536
2026-07-22T02:42:19.768787566+00:00,2,0,91.7,40,0,0,61047,65536
2026-07-22T02:42:19.768787566+00:00,3,0,95.0,41,0,0,61047,65536
2026-07-22T02:42:19.768787566+00:00,5,72,212.7,60,0,0,61050,65536
2026-07-22T02:42:19.768787566+00:00,7,73,209.3,66,0,0,61051,65536
2026-07-22T02:42:21.605882600+00:00,2,0,91.8,40,0,0,61047,65536
2026-07-22T02:42:21.605882600+00:00,3,0,96.3,41,0,0,61047,65536
2026-07-22T02:42:21.605882600+00:00,5,75,287.6,63,0,0,61051,65536
2026-07-22T02:42:21.605882600+00:00,7,80,303.9,66,0,0,61051,65536
2026-07-22T02:42:23.451363549+00:00,2,0,91.1,40,0,0,61048,65536
2026-07-22T02:42:23.451363549+00:00,3,0,96.7,40,0,0,61047,65536
2026-07-22T02:42:23.451363549+00:00,5,73,270.3,60,0,0,61051,65536
2026-07-22T02:42:23.451363549+00:00,7,77,297.3,67,0,0,61051,65536
2026-07-22T02:42:25.298193638+00:00,2,0,90.9,40,0,0,61048,65536
2026-07-22T02:42:25.298193638+00:00,3,0,96.2,40,0,0,61047,65536
2026-07-22T02:42:25.298193638+00:00,5,91,314.2,60,0,0,61051,65536
2026-07-22T02:42:25.298193638+00:00,7,74,298.4,68,0,0,61051,65536
2026-07-22T02:42:27.139454679+00:00,2,0,91.4,40,0,0,61048,65536
2026-07-22T02:42:27.139454679+00:00,3,0,96.4,40,0,0,61047,65536
2026-07-22T02:42:27.139454679+00:00,5,67,279.3,58,0,0,61051,65536
2026-07-22T02:42:27.139454679+00:00,7,69,294.9,61,0,0,61051,65536
2026-07-22T02:42:28.973086928+00:00,2,0,90.4,39,0,0,61047,65536
2026-07-22T02:42:28.973086928+00:00,3,0,96.0,40,0,0,61047,65536
2026-07-22T02:42:28.973086928+00:00,5,82,288.1,60,0,0,61051,65536
2026-07-22T02:42:28.973086928+00:00,7,80,254.0,65,0,0,61051,65536
2026-07-22T02:42:30.810970225+00:00,2,0,91.2,39,0,0,61047,65536
2026-07-22T02:42:30.810970225+00:00,3,0,96.6,40,0,0,61047,65536
2026-07-22T02:42:30.810970225+00:00,5,67,289.4,59,0,0,61051,65536
2026-07-22T02:42:30.810970225+00:00,7,67,278.8,62,0,0,61052,65536
2026-07-22T02:42:32.654997560+00:00,2,0,91.6,39,0,0,61047,65536
2026-07-22T02:42:32.654997560+00:00,3,0,96.4,39,0,0,61047,65536
2026-07-22T02:42:32.654997560+00:00,5,57,297.9,63,0,0,61051,65536
2026-07-22T02:42:32.654997560+00:00,7,61,266.6,68,0,0,61052,65536
2026-07-22T02:42:34.490120633+00:00,2,0,90.9,39,0,0,61048,65536
2026-07-22T02:42:34.490120633+00:00,3,0,95.8,39,0,0,61047,65536
2026-07-22T02:42:34.490120633+00:00,5,74,306.1,67,0,0,61051,65536
2026-07-22T02:42:34.490120633+00:00,7,77,296.0,62,0,0,61051,65536
2026-07-22T02:42:36.338522618+00:00,2,0,90.8,39,0,0,61047,65536
2026-07-22T02:42:36.338522618+00:00,3,0,95.6,39,0,0,61047,65536
2026-07-22T02:42:36.338522618+00:00,5,51,299.4,59,0,0,61051,65536
2026-07-22T02:42:36.338522618+00:00,7,48,299.7,61,0,0,61051,65536
2026-07-22T02:42:38.181936713+00:00,2,0,90.9,39,0,0,61047,65536
2026-07-22T02:42:38.181936713+00:00,3,0,95.8,39,0,0,61047,65536
2026-07-22T02:42:38.181936713+00:00,5,82,310.8,65,0,0,61051,65536
2026-07-22T02:42:38.181936713+00:00,7,81,292.8,61,0,0,61051,65536
2026-07-22T02:42:40.029354792+00:00,2,0,90.9,39,0,0,61047,65536
2026-07-22T02:42:40.029354792+00:00,3,0,95.5,39,0,0,61047,65536
2026-07-22T02:42:40.029354792+00:00,5,75,291.5,58,0,0,61051,65536
2026-07-22T02:42:40.029354792+00:00,7,50,283.6,61,0,0,61051,65536
2026-07-22T02:42:41.860488501+00:00,2,0,90.9,38,0,0,61048,65536
2026-07-22T02:42:41.860488501+00:00,3,0,96.1,39,0,0,61047,65536
2026-07-22T02:42:41.860488501+00:00,5,79,295.1,63,0,0,61051,65536
2026-07-22T02:42:41.860488501+00:00,7,67,299.5,62,0,0,61051,65536
2026-07-22T02:42:43.717493053+00:00,2,0,90.1,39,0,0,61048,65536
2026-07-22T02:42:43.717493053+00:00,3,0,95.0,38,0,0,61047,65536
2026-07-22T02:42:43.717493053+00:00,5,45,289.4,62,0,0,61051,65536
2026-07-22T02:42:43.717493053+00:00,7,49,303.8,62,0,0,61051,65536
2026-07-22T02:42:45.549869512+00:00,2,0,90.0,39,0,0,61047,65536
2026-07-22T02:42:45.549869512+00:00,3,0,94.7,38,0,0,61047,65536
2026-07-22T02:42:45.549869512+00:00,5,66,219.4,58,0,0,61051,65536
2026-07-22T02:42:45.549869512+00:00,7,65,241.4,62,0,0,61051,65536
2026-07-22T02:42:47.392344282+00:00,2,0,90.7,38,0,0,61047,65536
2026-07-22T02:42:47.392344282+00:00,3,0,95.6,38,0,0,61047,65536
2026-07-22T02:42:47.392344282+00:00,5,74,294.4,66,0,0,61051,65536
2026-07-22T02:42:47.392344282+00:00,7,79,284.6,63,0,0,61051,65536
2026-07-22T02:42:49.246671172+00:00,2,0,90.7,38,0,0,61047,65536
2026-07-22T02:42:49.246671172+00:00,3,0,95.5,38,0,0,61047,65536
2026-07-22T02:42:49.246671172+00:00,5,100,324.0,68,0,0,61051,65536
2026-07-22T02:42:49.246671172+00:00,7,78,296.8,61,0,0,61051,65536
2026-07-22T02:42:51.089364595+00:00,2,0,90.6,38,0,0,61047,65536
2026-07-22T02:42:51.089364595+00:00,3,0,95.7,38,0,0,61047,65536
2026-07-22T02:42:51.089364595+00:00,5,71,285.7,58,0,0,61050,65536
2026-07-22T02:42:51.089364595+00:00,7,65,293.3,64,0,0,61051,65536
2026-07-22T02:42:52.939769312+00:00,2,0,90.0,38,0,0,61048,65536
2026-07-22T02:42:52.939769312+00:00,3,0,95.1,38,0,0,61047,65536
2026-07-22T02:42:52.939769312+00:00,5,85,275.0,62,0,0,61050,65536
2026-07-22T02:42:52.939769312+00:00,7,86,284.0,64,0,0,61051,65536
2026-07-22T02:42:54.770091178+00:00,2,0,90.3,37,0,0,61048,65536
2026-07-22T02:42:54.770091178+00:00,3,0,95.0,38,0,0,61046,65536
2026-07-22T02:42:54.770091178+00:00,5,65,270.3,58,0,0,61050,65536
2026-07-22T02:42:54.770091178+00:00,7,78,300.6,66,0,0,61051,65536
2026-07-22T02:42:56.620351363+00:00,2,0,90.1,37,0,0,61048,65536
2026-07-22T02:42:56.620351363+00:00,3,0,94.5,38,0,0,61046,65536
2026-07-22T02:42:56.620351363+00:00,5,75,282.7,61,0,0,61051,65536
2026-07-22T02:42:56.620351363+00:00,7,76,294.3,70,0,0,61051,65536
2026-07-22T02:42:58.457899084+00:00,2,0,90.4,37,0,0,61047,65536
2026-07-22T02:42:58.457899084+00:00,3,0,95.2,38,0,0,61047,65536
2026-07-22T02:42:58.457899084+00:00,5,92,327.0,67,0,0,61051,65536
2026-07-22T02:42:58.457899084+00:00,7,75,321.2,71,0,0,61051,65536
2026-07-22T02:43:00.309362938+00:00,2,0,90.4,37,0,0,61047,65536
2026-07-22T02:43:00.309362938+00:00,3,0,94.9,37,0,0,61047,65536
2026-07-22T02:43:00.309362938+00:00,5,75,307.2,66,0,0,61051,65536
2026-07-22T02:43:00.309362938+00:00,7,78,291.8,61,0,0,61051,65536
2026-07-22T02:43:02.150329924+00:00,2,0,90.5,37,0,0,61048,65536
2026-07-22T02:43:02.150329924+00:00,3,0,94.4,38,0,0,61047,65536
2026-07-22T02:43:02.150329924+00:00,5,72,198.7,62,0,0,61051,65536
2026-07-22T02:43:02.150329924+00:00,7,70,202.7,65,0,0,61051,65536
2026-07-22T02:43:03.984379190+00:00,2,0,91.2,37,0,0,61047,65536
2026-07-22T02:43:03.984379190+00:00,3,0,95.0,38,0,0,61047,65536
2026-07-22T02:43:03.984379190+00:00,5,72,197.3,61,0,0,61051,65536
2026-07-22T02:43:03.984379190+00:00,7,69,200.1,65,0,0,61051,65536
2026-07-22T02:43:05.816810690+00:00,2,0,88.3,37,0,0,61047,65536
2026-07-22T02:43:05.816810690+00:00,3,0,94.3,38,0,0,61047,65536
2026-07-22T02:43:05.816810690+00:00,5,77,200.7,62,0,0,61051,65536
2026-07-22T02:43:05.816810690+00:00,7,72,200.0,64,0,0,61051,65536
2026-07-22T02:43:07.647271418+00:00,2,0,91.5,37,0,0,61047,65536
2026-07-22T02:43:07.647271418+00:00,3,0,93.4,37,0,0,61047,65536
2026-07-22T02:43:07.647271418+00:00,5,76,200.0,62,0,0,61051,65536
2026-07-22T02:43:07.647271418+00:00,7,71,197.4,65,0,0,61052,65536
2026-07-22T02:43:09.488571840+00:00,2,0,89.6,37,0,0,61047,65536
2026-07-22T02:43:09.488571840+00:00,3,0,95.2,37,0,0,61047,65536
2026-07-22T02:43:09.488571840+00:00,5,71,197.2,61,0,0,61051,65536
2026-07-22T02:43:09.488571840+00:00,7,74,206.1,64,0,0,61052,65536
2026-07-22T02:43:11.320785706+00:00,2,0,90.9,37,0,0,61047,65536
2026-07-22T02:43:11.320785706+00:00,3,0,95.3,37,0,0,61047,65536
2026-07-22T02:43:11.320785706+00:00,5,70,197.9,60,0,0,61051,65536
2026-07-22T02:43:11.320785706+00:00,7,71,201.3,64,0,0,61051,65536
2026-07-22T02:43:13.153232436+00:00,2,0,89.3,37,0,0,61048,65536
2026-07-22T02:43:13.153232436+00:00,3,0,93.7,37,0,0,61047,65536
2026-07-22T02:43:13.153232436+00:00,5,70,197.4,59,0,0,61051,65536
2026-07-22T02:43:13.153232436+00:00,7,72,200.2,63,0,0,61051,65536
2026-07-22T02:43:14.990004995+00:00,2,0,89.4,37,0,0,61047,65536
2026-07-22T02:43:14.990004995+00:00,3,0,94.6,37,0,0,61047,65536
2026-07-22T02:43:14.990004995+00:00,5,78,202.7,60,0,0,61051,65536
2026-07-22T02:43:14.990004995+00:00,7,71,200.7,63,0,0,61051,65536
2026-07-22T02:43:16.825209200+00:00,2,0,89.4,37,0,0,61048,65536
2026-07-22T02:43:16.825209200+00:00,3,0,93.5,37,0,0,61047,65536
2026-07-22T02:43:16.825209200+00:00,5,70,195.4,61,0,0,61051,65536
2026-07-22T02:43:16.825209200+00:00,7,78,201.5,63,0,0,61051,65536
2026-07-22T02:43:18.651683004+00:00,2,0,90.2,37,0,0,61047,65536
2026-07-22T02:43:18.651683004+00:00,3,0,94.7,37,0,0,61047,65536
2026-07-22T02:43:18.651683004+00:00,5,70,198.3,60,0,0,61051,65536
2026-07-22T02:43:18.651683004+00:00,7,72,198.3,63,0,0,61051,65536
2026-07-22T02:43:20.633294535+00:00,2,0,90.2,37,0,0,61047,65536
2026-07-22T02:43:20.633294535+00:00,3,0,95.7,37,0,0,61047,65536
2026-07-22T02:43:20.633294535+00:00,5,67,191.3,60,0,0,61051,65536
2026-07-22T02:43:20.633294535+00:00,7,66,182.0,63,0,0,61051,65536
2026-07-22T02:43:22.601476822+00:00,2,0,90.4,37,0,0,61048,65536
2026-07-22T02:43:22.601476822+00:00,3,0,93.8,37,0,0,61047,65536
2026-07-22T02:43:22.601476822+00:00,5,49,170.0,60,0,0,61051,65536
2026-07-22T02:43:22.601476822+00:00,7,53,172.1,62,0,0,61051,65536
